Circulation_Equipment,ComputerCluster_Equipment,Kitchen_Equipment,Lavatory_Equipment,LectureTheatre_Equipment,Library_Equipment,Meeting_Equipment,Office_Equipment,Plant_Equipment,PrintRoom_Equipment,Reception_Equipment,Server_Equipment,Shower_Equipment,Storage_Equipment,Circulation_People,ComputerCluster_People,Kitchen_People,Lavatory_People,LectureTheatre_People,Library_People,Lift_People,Meeting_People,Office_People,Plant_People,PrintRoom_People,Reception_People,Server_People,Shower_People,Storage_People,Circulation_Lighting,ComputerCluster_Lighting,Kitchen_Lighting,Lavatory_Lighting,LectureTheatre_Lighting,Library_Lighting,Lift_Lighting,Meeting_Lighting,Office_Lighting,Plant_Lighting,PrintRoom_Lighting,Reception_Lighting,Server_Lighting,Shower_Lighting,Storage_Lighting,Circulation_Infiltration,ComputerCluster_Infiltration,Kitchen_Infiltration,Lavatory_Infiltration,LectureTheatre_Infiltration,Library_Infiltration,Meeting_Infiltration,Office_Infiltration,Plant_Infiltration,PrintRoom_Infiltration,Reception_Infiltration,Server_Infiltration,Shower_Infiltration,Storage_Infiltration,ZoneVentilation,VRVBasementccop,VRVBasementhcop,VRVFifthFrontccop,VRVFifthFronthcop,VRVFifthMiddleccop,VRVFifthMiddlehcop,VRVFifthRearccop,VRVFifthRearhcop,VRVFirstccop,VRVFirsthcop,VRVFourthccop,VRVFourthhcop,VRVGroundccop,VRVGroundhcop,VRVSecondccop,VRVSecondhcop,VRVServersccop,VRVServershcop,VRVSixthccop,VRVSixthhcop,VRVThirdFrontAndMiddleccop,VRVThirdFrontAndMiddlehcop,VRVThirdRearccop,VRVThirdRearhcop,Boiler1,Boiler2,Fixture_Cleaners,Fixture_MaleToilets,Fixture_DisabledToilets,Fixture_FemaleToilets,Fixture_Kitchenettes,Fixture_Showers,Asphalt,Brick (100mm),Brick (200mm),CastConcrete 300mm,ConcreteDeck 50mm,InsulationCelotex,InsulationPartition,MDF board,Plywood 40mm,Carpet,Air cavity 10 wall,Air cavity 130 floor,Air cavity 350 ceiling,Air cavity 50 wall,SingleAndSecondaryGlazing,SolsticeVenetianBlind,OfficeHeatingSetPoint,OfficeHeatingDeadBand,ActivityLevel_Value,DeltaTemp_Sched_Value,MinIndoorTemp_Sched_Value,MaxOutdoorTemp_Sched_Value,MinOutdoorTemp_Sched_Value,HWSchedule_Cleaner_Offset,HWSchedule_Cleaner_WeekProfile_TotalHours,HWSchedule_Cleaner_WeekendProfile_TotalHours,HWSchedule_Cleaner_WeekProfile_OH,HWSchedule_Cleaner_WeekendProfile_OH,HWSchedule_Kitchenettes_Offset,HWSchedule_Kitchenettes_WeekProfile_TotalHours,HWSchedule_Kitchenettes_WeekendProfile_TotalHours,HWSchedule_Kitchenettes_WeekProfile_OH,HWSchedule_Kitchenettes_WeekendProfile_OH,HWSchedule_Showers_Offset,HWSchedule_Showers_WeekProfile_TotalHours,HWSchedule_Showers_WeekendProfile_TotalHours,HWSchedule_Showers_WeekProfile_OH,HWSchedule_Showers_WeekendProfile_OH,HWSchedule_Toilets_Offset,HWSchedule_Toilets_WeekProfile_TotalHours,HWSchedule_Toilets_WeekendProfile_TotalHours,HWSchedule_Toilets_WeekProfile_OH,HWSchedule_Toilets_WeekendProfile_OH,Office_OccSched_WeekProfile_TotalHours,Office_OccSched_WeekendProfile_TotalHours,Office_OccSched_WeekProfile_OH,Office_OccSched_WeekendProfile_OH,Office_EquipSched_WeekProfile_TotalHours,Office_EquipSched_WeekendProfile_TotalHours,Office_EquipSched_WeekProfile_OH,Office_EquipSched_WeekendProfile_OH,Office_LightSched_WeekProfile_TotalHours,Office_LightSched_WeekendProfile_TotalHours,Office_LightSched_WeekProfile_OH,Office_LightSched_WeekendProfile_OH
1.71954039944,21.327930539,44.1524206125,1.75671466456,8.64040446777,6.4381172431,13.6918982239,14.9165967085,21.6657360993,20.3770729652,4.26712119899,39.8092861448,1.77035947691,0,9.19522842859,9.44059544301,2.80982305526,10.1397996545,8.28493682233,10.4385652431,9.26886073073,9.3306955299,9.39877332024,43.1597818808,10.0793349316,8.9744099069,9.79911834225,7.78174841259,9.41551571276,9.33718656795,18.5490470646,12.1272904606,13.4081900686,11.8988575504,6.34270039049,7.84410517013,15.3422475587,10.4568862376,13.9446982907,14.1936243217,10.0577959037,13.2714694364,12.7361590899,13.434560519,0.0060839970873,0.0060839970873,0.0060839970873,0.0060839970873,0.0060839970873,0.0060839970873,0.0060839970873,0.0060839970873,0.0060839970873,0.0060839970873,0.0060839970873,0.0060839970873,0.0060839970873,0.0060839970873,0.0121679941746,3.75038212237,4.10588919845,3.18932159279,3.91146120038,3.1925858328,3.91069257671,3.19018931406,3.90937974395,3.62030658753,4.03957807892,3.19165577592,3.91018007975,3.15986380919,3.87105287614,3.4906684533,3.97247060362,3.19143228098,3.91067443458,3.84122657619,4.24015132243,3.18973424567,3.91056991321,3.18875974646,3.90970733613,0.925253201689,0.939039766133,1.50801953347e-05,4.50855534799e-05,5.62162788777e-05,4.79586436341e-05,0.000227280851005,0.000239969525312,0.169174957699,0.707247569007,0.802465935762,0.182984184843,0.20161058294,0.0184196419407,0.0344578867717,0.282882836775,0.183917153055,0.116614802167,0.164029288243,0.181308067772,0.18099328136,0.171592540155,2.94836429784,247.028009797,22,2,144.851756703,1.815557982,23.2746828398,30.0387499983,18.9542141034,2,2.62594453363,0.875314844543,0.463401976523,0.154467325508,3,17.0877247793,1.32716541066,1.70635552786,0.0473987646663,2,6.82258648178,3.54792936812,0.0,0.272917643702,2,16.9424732463,4.14261177975,1.27464977824,0.318662444596,5.78011368658,5.78011368658,1.52346791811,1.52346791811,7.82574001946,0,2.57996353626,0,7.05518203791,0,1.98056262293,0
1.87869770259,20.2131428318,36.2601429404,1.7155404623,7.7508320083,7.8073913101,11.4345127242,14.4318779178,23.7957231893,20.1411723124,4.04186872073,56.2405777578,1.70481895072,0,7.86622098892,9.02206422508,3.70058707362,10.6610642739,9.18577912151,9.67153136932,7.4137755545,7.40461038445,7.32921789628,31.7034363191,8.18762584457,9.29787339529,10.1183285053,9.80178011636,8.43266826523,8.0747021472,16.045123826,11.3960049671,14.7193636066,12.0150856027,8.0571431806,6.82373908457,21.1930059739,10.2355997981,13.643006099,18.1842577824,9.34401888059,16.4602393068,10.8946803773,13.2346475381,0.00390065014631,0.00390065014631,0.00390065014631,0.00390065014631,0.00390065014631,0.00390065014631,0.00390065014631,0.00390065014631,0.00390065014631,0.00390065014631,0.00390065014631,0.00390065014631,0.00390065014631,0.00390065014631,0.00780130029262,3.75146069829,4.1098906135,3.19015644487,3.91037584447,3.18739369431,3.90940543635,3.19110737122,3.9070359768,3.61989820789,4.04187789412,3.19119653422,3.91237478956,3.16028354825,3.86985653492,3.48920785487,3.97088926785,3.19114518846,3.91350951767,3.83947855209,4.23955506679,3.19172933578,3.909440669,3.19149582342,3.91106010805,0.982931628107,0.933947008521,1.56831641408e-05,5.49926257363e-05,5.25835586034e-05,4.60500295718e-05,0.00019342774433,0.000273781456748,0.175025127445,0.890379293868,0.838872945717,0.204984859924,0.211066848071,0.0256797827214,0.0392304765886,0.342911869385,0.166299984493,0.0868749842831,0.155578518372,0.156069118817,0.195103807852,0.159036450383,3.51221468658,220.142148205,22,2,130.552332883,1.72707767006,22.7719153788,29.9000756084,16.8784785137,2,2.79520637335,0.931735457784,0.493271712944,0.164423904315,1,15.2007389302,1.06598289667,0.799487172426,0.0,3,8.48259791322,4.09858609962,0.285947867415,0.428921801123,1,16.7789614792,4.32542832816,0.926877498695,0.247167333038,6.82045079414,6.82045079414,1.80379974644,1.80379974644,8.3505308277,0,2.3646371221,0,8.3190308277,0,2.3331371221,0
1.65669111958,20.3283447704,37.2334667167,2.2254919225,7.27263933656,8.49213034496,10.0153686259,16.1698271687,27.1260577303,21.9433103529,3.84238235522,46.7478496623,1.62486865796,0,8.32198296929,9.79964060498,3.41889129248,9.02332728374,8.77897614512,7.74566238134,8.47738522843,10.8267531973,7.60535192858,41.8231170978,8.70001900554,10.0504510294,8.4539865318,8.11405760319,9.50605072788,8.12058965039,14.0571277074,10.6067500251,11.4736382468,10.1664775441,8.01184227071,7.0265752727,16.6180809377,10.3723143297,15.611949142,13.9191260833,12.7979116232,14.0971245518,15.3080462951,14.0227173549,0.00386719872178,0.00386719872178,0.00386719872178,0.00386719872178,0.00386719872178,0.00386719872178,0.00386719872178,0.00386719872178,0.00386719872178,0.00386719872178,0.00386719872178,0.00386719872178,0.00386719872178,0.00386719872178,0.00773439744356,3.74687166983,4.11071110009,3.19073304262,3.91075377608,3.18848985007,3.90774511281,3.18970740337,3.91289321504,3.62071372098,4.04275284142,3.1891665964,3.90979230389,3.15820021499,3.86856320923,3.48855444837,3.96744923101,3.18908974158,3.90906773945,3.83775891321,4.23839097889,3.18793273474,3.90994109224,3.18910440669,3.90842603579,0.965002229919,0.927354114801,1.51961508837e-05,5.14378475146e-05,5.58733226346e-05,5.01375126753e-05,0.000215056398518,0.000249790483746,0.176603894951,0.999567864349,0.876928425087,0.153142627765,0.22371953392,0.0254832888586,0.0415056441256,0.260767959623,0.150351610936,0.0955213466671,0.148320899699,0.198494081839,0.170843281033,0.149756177106,2.84902007988,223.529065433,21,4,145.77508748,1.79300941785,22.9892749772,30.4222543827,19.1589343346,3,4.20678038812,1.40226012937,1.00161437812,0.333871459375,1,16.9885323135,1.26447389034,0.94835541751,0.0,3,6.84028786857,3.30498391216,0.230580272941,0.345870409412,2,16.3837340002,3.96848034788,1.22107087615,0.305267719068,2.61380825237,2.61380825237,0.731893493301,0.731893493301,3.17877031489,0,1.14982080761,0,2.66630825237,0,0.773893493301,0
1.85359041435,22.328779794,48.770546639,1.92341207128,9.25700460184,7.30003425069,12.0811913603,16.2633223465,25.3497904307,22.2835408382,4.63391930272,43.5348320277,1.68481988767,0,9.52141185814,10.2232912161,3.82129859966,6.94831644678,9.57630870779,8.90518982941,7.57919520676,9.16555763863,11.0412264157,40.9634859923,8.95993513159,10.3665240567,8.7795931669,7.57561492156,8.12072887963,8.74179036979,17.0956286419,12.608639705,12.4548735872,12.6771677623,8.89212845628,6.73024740725,18.5097049574,8.04607321673,15.9039036729,15.9241555513,13.8433464602,15.9667817154,14.9277169557,15.1108813393,0.00475960739195,0.00475960739195,0.00475960739195,0.00475960739195,0.00475960739195,0.00475960739195,0.00475960739195,0.00475960739195,0.00475960739195,0.00475960739195,0.00475960739195,0.00475960739195,0.00475960739195,0.00475960739195,0.0095192147839,3.74957909062,4.10962339713,3.18790694923,3.91012058898,3.19300841642,3.90732145699,3.18990175637,3.91234738222,3.62008549651,4.03829374906,3.18628027217,3.91038596707,3.16132601461,3.87296088682,3.48754295681,3.97082976547,3.18928040488,3.91172216332,3.84026733541,4.24069887321,3.19259751796,3.91116127784,3.18813831681,3.90947158782,0.912435788031,0.88006487489,1.29918263414e-05,5.89087165293e-05,5.71683033646e-05,5.34854301959e-05,0.000209508827204,0.000279202891856,0.135876681933,0.984560652335,0.944452861863,0.22457919016,0.214926959598,0.0219241141281,0.0335293043631,0.294940890835,0.161602943521,0.104407925797,0.173438373969,0.200740201022,0.190115044862,0.130817204795,2.67673330678,225.882007833,22,3,139.122748483,1.95512675282,23.7296259707,30.8444121644,17.3954563366,2,2.28312577632,0.76104192544,0.402904548763,0.134301516254,2,16.4555451426,1.22777190965,1.22777190953,0.0,2,4.7969215282,2.4944354785,0.0,0.191879652192,2,12.0547742356,2.78896655446,0.858143555185,0.214535888805,4.91471463512,4.91471463512,1.29490240209,1.29490240209,6.87366030392,0,2.36505284502,0,5.99773755349,0,1.68616885758,0
1.83419904544,16.8069950635,42.4503238045,1.79847407629,7.61722000307,8.06060259131,10.9989118723,13.5330634244,24.8122087342,17.7560477775,3.16682209499,43.8423969104,1.9494080967,0,8.82420910491,7.96766965902,3.37668069351,8.70494273492,10.5514805614,9.13605399833,8.53862102601,10.4038401629,8.95687830353,38.0685086966,7.47469434729,9.98390569665,8.3937211968,9.37925546513,10.3533700217,7.77052172302,17.6881810685,10.4495112532,11.6653892934,10.7886987393,8.19541439216,7.63773688513,19.4675925031,10.9150804723,14.2046101748,17.2175223669,11.664227592,15.0820135783,15.7496925813,14.3905182171,0.00430525408758,0.00430525408758,0.00430525408758,0.00430525408758,0.00430525408758,0.00430525408758,0.00430525408758,0.00430525408758,0.00430525408758,0.00430525408758,0.00430525408758,0.00430525408758,0.00430525408758,0.00430525408758,0.00861050817516,3.74789964574,4.11051397316,3.18800268965,3.90905419023,3.19098754833,3.90985561976,3.19095114269,3.91043779824,3.62329332736,4.04077801811,3.18869405727,3.91268656413,3.15765661015,3.86957653664,3.48992643099,3.97003710899,3.18953025363,3.90834093075,3.8385816508,4.23996447973,3.18823891801,3.91065195458,3.18636300856,3.91033126946,0.960284558464,0.886156802681,1.46072058085e-05,5.39642042277e-05,5.7875880157e-05,4.7000860251e-05,0.000230488241463,0.000247779240546,0.150623607999,0.841407464881,0.908907106213,0.192332951418,0.18926154772,0.0205198297125,0.030570810592,0.308625202374,0.172502343273,0.106021310021,0.153498898935,0.207112459214,0.187949998172,0.135015515594,3.07918858663,191.27376833,22,3,138.297847152,2.2861735632,23.0262633383,29.3613803999,17.5125277929,2,2.31520381743,0.771734605809,0.408565379546,0.136188459849,3,18.3025005882,1.44343228146,1.85584150455,0.0515511529092,1,4.7342837084,2.63023790303,0.0,0.150299308745,3,16.6875722526,3.96485054154,1.65970487773,0.414926219463,4.62968520021,4.62968520021,1.22099825897,1.22099825897,7.40932051577,0,3.05712430405,0,5.37006660343,0,1.53289860862,0
2.17303517972,21.4655307822,39.6345570456,2.04850569807,8.2822515877,7.94600265767,12.1489890314,18.9037770975,20.8080214868,23.0078533664,3.93669857512,46.2466580982,1.89272954478,0,8.15740659978,7.64370543299,3.03874012101,9.65149359694,8.90580436492,8.38105189915,9.05889832377,8.93641947181,9.10537116802,43.691377507,8.49528575212,8.81370231326,7.58630573153,8.96491039797,9.96843711567,8.3078765266,17.2565197414,10.8249910612,15.9763096654,12.1599347959,8.44694322465,8.35589338915,17.2440585669,10.5788204926,14.9009231988,15.5163968832,11.2839272091,16.6299697839,16.1816245072,15.2728641726,0.00466056042584,0.00466056042584,0.00466056042584,0.00466056042584,0.00466056042584,0.00466056042584,0.00466056042584,0.00466056042584,0.00466056042584,0.00466056042584,0.00466056042584,0.00466056042584,0.00466056042584,0.00466056042584,0.00932112085168,3.75010413179,4.11024888021,3.19264439084,3.90975543511,3.19137310919,3.91222240802,3.18804064626,3.9087739419,3.61932444499,4.03849084349,3.19209558719,3.90795010761,3.15846603014,3.87029843364,3.48872550818,3.96869456506,3.19000250646,3.91015181562,3.83976274365,4.23746449651,3.18690188255,3.91153415771,3.18929465833,3.91139352098,0.940715698277,0.867017664105,1.40987475213e-05,5.18059383452e-05,6.2278245719e-05,5.15990372494e-05,0.000212852258283,0.000255664126502,0.154116170401,0.811791651799,0.924135023719,0.198509088635,0.234874564462,0.0216686311275,0.03480910014,0.264090868443,0.13449984574,0.0833488081059,0.158952988284,0.18927307184,0.154846986882,0.166733467365,3.27646069794,238.044201122,21,4,137.35874825,2.35355384091,22.5030477158,29.7583974548,17.9997031534,1,1.87875102202,0.626250340673,0.144519309386,0.0481731031287,1,10.6863778103,0.70931202927,0.531984021936,0.0,2,7.90349708844,4.11015084177,0.0,0.316165449367,2,13.8287894249,3.25819735718,1.00252226369,0.250630565937,3.34395750466,3.34395750466,0.901395450192,0.901395450192,6.43916674243,0,3.024,0,4.01771021381,0,1.23911256949,0
1.75400219203,19.6054030524,31.3878623102,1.80851142146,9.86135091552,6.7777567241,12.8596170924,10.5481027585,23.6749869404,19.1957633136,3.58586729035,51.0487205521,2.04545497883,0,10.0060017088,8.93427475876,3.51599005334,8.34396407845,8.89344799155,8.56582819923,9.22420373737,8.48995909969,8.87038689167,37.728480342,8.34422391006,9.4384489951,8.6136511348,8.82904383067,9.02886251418,8.91096668654,15.5549460115,11.1506357864,14.1015828128,12.432612008,7.61625864695,7.93481197424,19.7108163526,9.21331386522,13.6725417598,13.3859060419,13.3616545661,17.047944793,14.9657192226,14.2001258444,0.00342989035399,0.00342989035399,0.00342989035399,0.00342989035399,0.00342989035399,0.00342989035399,0.00342989035399,0.00342989035399,0.00342989035399,0.00342989035399,0.00342989035399,0.00342989035399,0.00342989035399,0.00342989035399,0.00685978070798,3.75282767737,4.10830280461,3.18719310666,3.90921216679,3.18814826959,3.90961565333,3.19148564313,3.90849079264,3.617430024,4.04116176643,3.18977605067,3.90927062573,3.16010755043,3.87246640423,3.49084607571,3.97127975208,3.19184049247,3.90740706741,3.84065754704,4.23817714502,3.19078570485,3.90808569104,3.1899487425,3.90991184759,0.935482509919,0.928890530704,1.41734884238e-05,4.90515922e-05,5.44697362465e-05,5.246132463e-05,0.000197936282925,0.000289524390534,0.181066642679,0.939103986931,1.00350188951,0.188383891624,0.207651665584,0.019581873364,0.0401573322078,0.289142588233,0.157790276984,0.0883903205984,0.161230548608,0.179890768361,0.167934375735,0.160910109593,2.63294797143,201.406977703,23,2,143.286552337,2.42756015716,23.140557904,29.2210827478,20.8609017784,2,2.10081085337,0.700270284458,0.370731327066,0.123577109022,2,16.1873909831,1.20298667492,1.20298667481,0.0,2,8.6074549602,4.47641582025,0.0,0.344339678481,1,16.3170375643,4.12732419518,0.884426613117,0.235847096867,4.37195083147,4.37195083147,1.15494100287,1.15494100287,6.08103885342,0,2.20388339048,0,5.05933128659,0,1.44582837107,0
1.91810058157,21.7988169993,42.220521753,1.90220697565,7.01686320753,9.4980715851,11.3502267132,15.4666589789,28.8190275154,18.2087113668,4.06177741498,47.5217823498,2.12972897469,0,8.65552457897,9.3225612735,3.91746855932,7.58783510354,9.38104214507,10.529994084,7.95397728084,7.73058702671,10.117980882,34.9364693248,9.06970726333,9.79196336484,10.3094069943,10.1959516701,9.66824015147,8.8840416172,13.2535282825,11.8451502932,12.9423829952,13.0509341228,7.80579417641,6.39415285999,18.72730387,10.1202288913,13.0845639708,16.5790508912,10.6436724312,15.4624917249,13.81656221,14.4819719625,0.00363675489421,0.00363675489421,0.00363675489421,0.00363675489421,0.00363675489421,0.00363675489421,0.00363675489421,0.00363675489421,0.00363675489421,0.00363675489421,0.00363675489421,0.00363675489421,0.00363675489421,0.00363675489421,0.00727350978842,3.74983031367,4.11187089469,3.19047189273,3.90958615056,3.18592765175,3.90927733543,3.18928429645,3.91008154689,3.6186944468,4.03876771289,3.1885919941,3.90814748208,3.15933851089,3.86894971134,3.49240634163,3.97025286307,3.18750877057,3.91043979937,3.84001587731,4.24084881159,3.19038358106,3.91093788257,3.19386619895,3.90736630377,0.887278006704,0.979130160352,1.58489739687e-05,5.06752333571e-05,6.08722136247e-05,5.08132009839e-05,0.000219606306631,0.000243382944309,0.126578854581,0.966918284916,0.751682496822,0.175551837774,0.192851779689,0.0244168809729,0.0360683128811,0.279719149413,0.142751799231,0.0914321655401,0.125397399131,0.182567109113,0.161616461402,0.154093855533,2.78851012443,212.366849256,21,3,136.331463811,2.11914090427,21.4589734687,28.529585637,18.0819348933,2,1.74216647695,0.580722158985,0.307441142992,0.102480380997,2,14.7279118191,1.07641871157,1.0764187115,0.0,2,9.58778240359,4.98694355758,0.0,0.383611042891,1,15.5511293891,3.84642237055,0.824233365033,0.219795564032,4.41453286237,4.41453286237,1.16579916655,1.16579916655,6.1216102288,0,2.21099659669,0,5.10846468109,0,1.45925026102,0
1.49457001669,20.9635171279,46.627044335,1.98447118346,7.8296157037,8.9279913045,12.4193456131,15.0976076519,27.7558325405,16.344355044,3.65169681323,54.2513841604,1.9295752218,0,7.66296572239,11.2492777413,2.99782531341,8.07962177407,10.2191651069,9.04169128936,9.84564616853,8.58496488261,8.40047345709,42.6594729144,7.42101433904,10.6647284138,9.2129945573,9.52852847588,7.82340787351,9.78789198072,14.684246555,13.0430884855,13.4515806101,11.564576834,8.55980661869,6.65584128091,18.0871315299,8.5565210533,14.4559367847,15.8653233499,11.9698491047,13.5916471689,13.2592612421,16.1645609492,0.00262043476863,0.00262043476863,0.00262043476863,0.00262043476863,0.00262043476863,0.00262043476863,0.00262043476863,0.00262043476863,0.00262043476863,0.00262043476863,0.00262043476863,0.00262043476863,0.00262043476863,0.00262043476863,0.00524086953726,3.75125357677,4.1121660941,3.18885849006,3.91243971219,3.18947511521,3.90872226719,3.18756118942,3.91084587744,3.62090232067,4.03904021783,3.19322360025,3.90956831064,3.1628244656,3.8682198397,3.49149147351,3.97169369126,3.19065285495,3.90947089139,3.83982081284,4.23974732087,3.19095909568,3.91231555557,3.19018658456,3.91282791847,0.944206549256,0.948650721662,1.3733045323e-05,4.55717113395e-05,6.00542563618e-05,5.14675034035e-05,0.000213062786881,0.000228329263542,0.140517483996,0.78886335861,0.914255997698,0.231853491495,0.198040734628,0.0227132030776,0.0375540829139,0.316802903823,0.141388405473,0.100195568811,0.167601975631,0.16387356859,0.215735359589,0.125278015059,3.37756450095,273.843475248,22,3,140.313837638,2.0856024357,21.9665182417,29.7262955647,17.2132851443,1,2.06698171093,0.688993903642,0.158998593148,0.0529995310494,2,17.324131939,1.3135510511,1.31355105093,0.0,2,8.48104857642,4.41063580841,0.0,0.33927967757,2,14.652066056,3.47784431,1.07010594147,0.267526485385,3.84786399676,3.84786399676,1.02340732944,1.02340732944,4.72556317317,0,1.486470423,0,4.45655578939,0,1.28409216496,0
2.01118580646,23.0110627037,49.4594002933,2.01147393771,8.8361233461,8.68044970969,12.5735878611,12.8108377615,26.0728186846,21.3201765289,4.4148326526,45.7555999102,1.79521776353,0,6.3258998609,9.20338448664,3.2938096671,9.23332850195,9.68978314733,9.97951418094,7.81989010654,9.9059396408,9.6366872616,38.55942858,8.54038540133,9.83031540376,8.89838178647,11.1318211994,8.82444195894,7.61826964926,16.285806925,11.4506905751,14.1489618124,11.0915829151,6.91079325546,7.42291972103,20.3490519289,9.78422566908,12.8401306342,15.0897552775,12.3283647364,14.826055321,13.454111338,13.7390380993,0.00283908555238,0.00283908555238,0.00283908555238,0.00283908555238,0.00283908555238,0.00283908555238,0.00283908555238,0.00283908555238,0.00283908555238,0.00283908555238,0.00283908555238,0.00283908555238,0.00283908555238,0.00283908555238,0.00567817110476,3.74977122832,4.11152095383,3.19089775585,3.90789741725,3.18989514297,3.91087225565,3.19181248291,3.9110768151,3.62148311427,4.04005589788,3.19044332022,3.90897131927,3.15876094361,3.86645284611,3.49019914109,3.96898320129,3.188155949,3.90935569805,3.84195243166,4.24048575575,3.19002863245,3.90882503804,3.19034896849,3.9089376226,0.904774417272,0.896807090959,1.3353546684e-05,5.30589195436e-05,6.01649159959e-05,5.76648375764e-05,0.000225326839341,0.000265125671332,0.163465929871,0.9094769203,1.01739582537,0.2065935182,0.179787178786,0.0223958839882,0.0372600849432,0.354195403072,0.147087970805,0.10977070121,0.143441531518,0.190154970494,0.179555222194,0.146615522503,2.88606458369,195.703919409,21,3,131.847960628,2.15825058149,22.0495235848,29.5574891562,17.6996112471,1,2.03086876348,0.676956254492,0.156220674114,0.0520735580379,2,13.5519880407,0.980057477362,0.980057477307,0.0,2,7.34323383928,3.81872230285,0.0,0.29374786945,2,18.9133407307,4.92035711179,1.51395603392,0.378489008599,3.60447954856,3.60447954856,0.963863340965,0.963863340965,6.61413064063,0,3.024,0,4.29015001424,0,1.29611429492,0
1.59289299513,19.761593912,43.550309131,1.68719429458,8.37862432662,9.19072176864,10.5733708935,15.6251939669,25.9481660633,19.680019774,4.30331011405,52.2984132626,1.50437574414,0,8.23015157567,9.59088910963,3.78510069915,8.9901188868,7.72721709975,8.67883415433,9.50793721868,8.80321090091,8.61027165836,40.4629552089,8.84666885103,11.0158390742,9.39690999889,9.3240306802,8.90304871248,7.12318209389,15.2478454718,9.76204895344,11.9633418779,10.3975484879,9.39926467838,7.57881758243,21.5439999038,11.0532259538,13.1642289932,13.5721885222,12.1707882075,14.3635060587,14.2202692595,12.6040286114,0.00373123487838,0.00373123487838,0.00373123487838,0.00373123487838,0.00373123487838,0.00373123487838,0.00373123487838,0.00373123487838,0.00373123487838,0.00373123487838,0.00373123487838,0.00373123487838,0.00373123487838,0.00373123487838,0.00746246975676,3.75056960583,4.10902972232,3.19184779763,3.911726129,3.19010690077,3.90831775402,3.18735459061,3.91076200019,3.61838489121,4.03670724746,3.18938579783,3.91069303899,3.15894020034,3.87150682575,3.48976145639,3.96814083143,3.18615525667,3.90980366211,3.83625996608,4.24204547351,3.1913015506,3.90652213979,3.19227466529,3.91179577069,0.952922381304,0.964641812765,1.53789820619e-05,4.99899828185e-05,5.41091771934e-05,5.33358174412e-05,0.000184250023913,0.000259104245769,0.159822363127,0.950132647753,0.778424092513,0.242762890578,0.171809927599,0.0213816428719,0.0353539820332,0.326164099286,0.116814783022,0.107786285383,0.136151448044,0.176497586695,0.149234725139,0.138771869067,2.51009465966,241.470887716,21,4,141.310038699,1.91324146437,22.6339181828,27.4300066739,18.5239388221,1,2.26786443534,0.755954811779,0.174451110411,0.0581503701368,2,19.6643552377,1.65287786067,1.65287785939,0.0,1,5.41855071279,3.01042931087,0.0,0.17202453205,3,11.9307585722,2.67185164739,1.1184495268,0.279612381704,3.81756859514,3.81756859514,1.01593712376,1.01593712376,5.55310859701,0,2.11359001337,0,4.42184043975,0,1.27496031251,0
1.93714049141,18.551413305,41.0385995514,1.88950969945,8.4877960133,7.06059561896,9.02020851988,14.6619054854,22.9788246331,18.7653839617,3.76470966969,50.3205312694,1.85861724481,0,7.61606623961,8.17871145578,3.55121030002,8.4991662943,7.94742393197,8.87585935778,6.77473590786,9.60138832696,8.67767285475,45.6030764132,8.0194876778,10.2498899626,9.30421544449,8.37672102051,8.56967214869,6.68873927019,16.2352264406,10.9158416901,13.7311799779,13.4558685309,7.31279820797,6.48640450834,20.1815292478,11.9899906093,14.1293103852,15.4436284823,10.2649672554,18.0282213185,13.9874972598,12.9357074248,0.0041999409942,0.0041999409942,0.0041999409942,0.0041999409942,0.0041999409942,0.0041999409942,0.0041999409942,0.0041999409942,0.0041999409942,0.0041999409942,0.0041999409942,0.0041999409942,0.0041999409942,0.0041999409942,0.00839988198839,3.74930106578,4.11107031692,3.1922539333,3.91271799615,3.19196766033,3.91016170305,3.19041660286,3.90810683136,3.62197839198,4.04033404622,3.18998909279,3.9114789029,3.16197880597,3.87114326821,3.49110588307,3.96620789109,3.18981846107,3.91136773768,3.84099814498,4.23900917208,3.18954640512,3.9079133412,3.19070637983,3.90812894802,0.950516382822,0.970846000727,1.38623980822e-05,5.06009908571e-05,5.34317881788e-05,5.0285992556e-05,0.000205417124025,0.000237859790719,0.146898460411,1.01491548889,0.880632881339,0.192262975071,0.19025441881,0.0234777917235,0.0329861557542,0.303709706949,0.148123864598,0.0988464513727,0.156256688174,0.160872887069,0.174395834179,0.164902353085,2.8266026109,213.144859951,22,2,140.813283585,2.03908895289,23.6564466558,30.2197647903,17.7860191554,1,1.6883740913,0.562791363767,0.1298749301,0.0432916433667,1,11.4359636514,0.766342136132,0.574756602077,0.0,3,10.8438129023,5.24011893504,0.365589693143,0.548384539714,1,14.5140503222,3.51983277269,0.754249879806,0.201133301297,3.45668121043,3.45668121043,0.928256023921,0.928256023921,5.22294387851,0,2.06466407293,0,4.00971307362,0,1.16831307532,0
1.82335468758,17.9510609033,37.9184754593,1.58000912717,6.54773828969,8.38657143629,11.946554146,15.8083424274,22.2321547036,17.3160187213,4.33630791369,49.6843474588,2.01696611047,0,9.01054231867,8.51064183608,4.11660783162,8.84401188649,7.1030238614,9.5785864525,7.70354916851,9.02189249291,10.4560226735,39.9294063918,9.57150794947,9.63573117624,9.55613885113,8.56341495565,6.72017373473,9.11994688778,15.1735785669,12.2654723362,12.6085890516,12.3477179679,6.82348124873,7.35643027128,19.1090245159,11.695902566,13.4412434081,14.5375304784,11.1699132314,14.9022405209,14.3813658165,13.5738296095,0.00431329787092,0.00431329787092,0.00431329787092,0.00431329787092,0.00431329787092,0.00431329787092,0.00431329787092,0.00431329787092,0.00431329787092,0.00431329787092,0.00431329787092,0.00431329787092,0.00431329787092,0.00431329787092,0.00862659574184,3.7522947388,4.10923223488,3.18971324093,3.90875634603,3.1905880165,3.90837635079,3.18880788775,3.90784986857,3.61957642396,4.03760636348,3.19095741065,3.90846317787,3.15686207447,3.8707173132,3.49052360575,3.97053652796,3.19059685107,3.91025720166,3.84049330408,4.24035739904,3.18929626463,3.91001198141,3.18749037717,3.90788856891,0.86226176557,0.98330110403,1.68089477276e-05,4.77332097056e-05,5.80793683161e-05,5.20782271955e-05,0.000237647359375,0.00026784293763,0.186914437353,0.835734259828,1.10258429826,0.21788110451,0.176088096064,0.0200463130375,0.0323059188783,0.246981107547,0.144549584139,0.0967458885521,0.129944336367,0.171850616673,0.208294626627,0.140572610996,2.21722292858,217.429041751,23,2,142.128250082,1.84526055009,23.5071748413,30.6050779321,18.2828435517,3,3.80929278739,1.26976426246,0.906974473189,0.302324824396,2,15.5732346299,1.14830536312,1.14830536302,0.0,3,10.7315869607,5.18581888093,0.361801317274,0.542701975911,2,17.5397188494,4.3439219513,1.33659136944,0.334147842407,4.10490989873,4.10490989873,1.08740391177,1.08740391177,5.82666104975,0,2.15982655668,0,4.75170996266,0,1.36257390316,0
1.69238259836,18.9461834468,40.224372156,2.14496186344,8.08378929535,8.60370643252,11.7226264768,14.4145053993,22.8650021447,19.9700629529,4.85606565587,58.8561139529,2.20339863297,0,8.61032380252,8.78253653539,3.25621631115,8.59612012379,8.17690903502,7.11472596369,8.89900084968,8.30725923692,9.90027308281,41.4364763221,9.19590181162,10.4490581649,10.5061386002,9.1211757129,8.35644610025,7.64628134848,15.7861489974,9.26074893845,12.8745958785,11.3121989668,7.89823577416,7.18590020466,18.8560380366,9.96067886628,12.4678053049,16.4754437884,12.5229376934,15.6648993188,16.5686045398,17.9237013016,0.00487755465163,0.00487755465163,0.00487755465163,0.00487755465163,0.00487755465163,0.00487755465163,0.00487755465163,0.00487755465163,0.00487755465163,0.00487755465163,0.00487755465163,0.00487755465163,0.00487755465163,0.00487755465163,0.00975510930325,3.74881174255,4.10785681711,3.19120925123,3.90841804677,3.19112045467,3.91116446746,3.18943114361,3.90939624972,3.61976314997,4.03960723194,3.18747922881,3.90889600634,3.15969421261,3.87202472738,3.49039906487,3.96834955524,3.18966248039,3.90883980776,3.84242502529,4.23876507404,3.19056938716,3.90908121305,3.19106650485,3.91051054651,0.893183442035,0.906061857552,1.48713560047e-05,4.86742410111e-05,6.354372405e-05,4.94246553953e-05,0.000200365629435,0.000246086796289,0.172388110995,0.854898360214,0.990316392099,0.185268448819,0.204680837788,0.0237676071699,0.0358725834979,0.30439655363,0.153495694853,0.0978076103819,0.147548168281,0.169983059439,0.177337639677,0.131237638547,3.0231282145,180.042502068,22,2,134.819763361,2.20895810354,24.2867224307,32.9823490996,16.6946530937,3,4.04791362849,1.34930454283,0.963788959165,0.321262986388,2,18.6961140002,1.48091249194,1.48091249155,0.0,2,10.6422512867,5.5387131681,0.0,0.426054859085,1,12.5066497222,2.96426981118,0.635200673794,0.169386846353,5.28799371687,5.28799371687,1.39281649186,1.39281649186,7.28217600246,0,2.4547619396,0,6.45348952664,0,1.81207270601,0
2.05040792781,19.1705191772,46.1923607064,1.74013812954,7.92636901744,7.70364233653,10.7896093111,15.2327947207,24.6592299435,23.4370342317,4.17934724122,48.5581762502,1.82040703833,0,9.73935023534,8.31520499535,3.65790576326,7.87454967809,9.84645756516,8.14288168023,10.037125171,8.76689276704,9.34630003992,39.3980636122,7.83542151475,8.63488268607,9.11115377309,8.73774530037,10.6848742219,8.58252426189,18.0066786949,11.1562815751,12.3445568045,9.57695368305,8.94142934041,7.09319784939,19.9612471101,9.75446066579,11.6914494846,16.1802973515,11.4739057158,15.3437107974,12.2198179162,14.8706398404,0.00401730964632,0.00401730964632,0.00401730964632,0.00401730964632,0.00401730964632,0.00401730964632,0.00401730964632,0.00401730964632,0.00401730964632,0.00401730964632,0.00401730964632,0.00401730964632,0.00401730964632,0.00401730964632,0.00803461929265,3.74797421879,4.11378781376,3.18987785247,3.90832497041,3.18925145383,3.91027721518,3.19294232761,3.90972479896,3.62048964132,4.04055385981,3.19062320963,3.91106263673,3.16150170729,3.86872706314,3.48901889228,3.96973080657,3.19102006234,3.90966120779,3.84161910119,4.24114990325,3.18914329029,3.90970900824,3.18836336778,3.90932213467,0.869000160636,0.91767309436,1.44164812239e-05,5.37872426903e-05,6.39724402694e-05,4.8680324939e-05,0.000202612030988,0.000251345478168,0.161399105057,0.881082122349,0.890764072648,0.214012148318,0.185266317265,0.0242521379857,0.0367854265452,0.333539531966,0.154287395848,0.114007814444,0.175429028959,0.14001792511,0.183395953071,0.155801791411,3.00109207723,208.29293043,21,3,147.870691401,2.51726650443,22.360541071,28.882558368,18.3939691183,2,1.92846801271,0.642822670904,0.340317884596,0.113439294865,1,13.2631515281,0.904839131586,0.678629348652,0.0,2,8.10382846394,4.2143683986,0.0,0.324182184507,2,17.891181819,4.47272045521,1.3762216783,0.344055419631,3.12350443729,3.12350443729,0.84961706258,0.84961706258,4.72821486395,0,2.02806273279,0,3.22850443729,0,0.93361706258,0
2.00455190209,17.8465331897,41.2652259543,1.86149862054,6.69598698096,7.39337005255,11.1180402271,14.1734462278,25.0651211043,18.4356164383,3.98053763924,53.5066254863,1.82703346537,0,8.89990487955,9.68352493245,3.16933181477,9.18853690639,8.54804932887,9.84181779597,8.18491915962,9.76091301769,9.57799526644,44.9968795674,7.75020279262,11.2315184973,9.68951161662,6.37158510378,9.14762679783,7.28630083169,19.1088301484,11.6074188716,14.5343080157,12.8646173832,7.52092767777,6.90425537854,17.5768670038,9.47355922294,12.2051407759,12.9409819794,11.8006166858,12.7263541347,15.4363311384,10.8634466092,0.00525699924268,0.00525699924268,0.00525699924268,0.00525699924268,0.00525699924268,0.00525699924268,0.00525699924268,0.00525699924268,0.00525699924268,0.00525699924268,0.00525699924268,0.00525699924268,0.00525699924268,0.00525699924268,0.0105139984854,3.75084960838,4.11115256029,3.19163867269,3.90987521846,3.19026926632,3.91047783402,3.19075192163,3.91026494913,3.61811961741,4.03983249499,3.18895014336,3.90991934639,3.16081305378,3.87009063155,3.48812968216,3.97137253095,3.18873319081,3.90621974302,3.83933482224,4.24199373502,3.19145789703,3.91190495243,3.19188893265,3.91019479565,0.98046848689,0.904013666236,1.44512937112e-05,5.20657271784e-05,5.50958731996e-05,5.45095423573e-05,0.000208442405977,0.000231886967315,0.165261792579,0.871366630132,0.809752059236,0.212760434049,0.229020154766,0.0211171936025,0.0318550569288,0.27431720641,0.129667713138,0.110691696466,0.139299581533,0.174583405968,0.192591836056,0.151094996582,3.14501141489,228.295654317,22,3,139.61677428,1.39737769557,25.4711904886,30.6876622939,18.1860889201,2,2.04994646101,0.683315487004,0.361755257826,0.120585085942,3,19.7267961549,1.60155971737,2.05914820772,0.0571985613347,1,5.59643049474,3.10926469984,0.0,0.177672268562,3,14.6155132476,3.4112375602,1.42795990885,0.356989977231,4.85504949703,4.85504949703,1.27936498108,1.27936498108,6.09568375649,0,1.79984408823,0,5.91444899857,0,1.65572092946,0
1.79736016229,23.5313029031,44.9029931347,1.95779636976,8.72547483967,7.63100862165,13.3771407832,17.3271405938,29.8888694345,21.6416081051,4.15289673994,48.7928928205,1.99879935224,0,9.31269777533,8.71063901115,3.22444323834,9.45548101637,9.9809910385,7.94647125046,8.62764832724,9.4688459222,8.24082420754,34.5737270969,9.37896316217,9.22408895998,8.02321737169,9.02978570246,8.76240632255,8.51815258024,13.9143025209,10.1382763293,10.4897663178,11.7007062254,7.16157881349,6.0861622482,20.7236491581,10.7751427995,14.7155875021,14.8628967888,10.8535210344,14.0128812812,12.9275256744,15.6206860945,0.00346298097868,0.00346298097868,0.00346298097868,0.00346298097868,0.00346298097868,0.00346298097868,0.00346298097868,0.00346298097868,0.00346298097868,0.00346298097868,0.00346298097868,0.00346298097868,0.00346298097868,0.00346298097868,0.00692596195737,3.75067068467,4.10944191072,3.18941525271,3.9111108508,3.18909528402,3.90901731658,3.19026279493,3.91149289214,3.62237853205,4.04221264014,3.19147488424,3.90703996011,3.1609653693,3.87046154544,3.48950827,3.96941962211,3.19210722096,3.9112285357,3.83893945189,4.23736936134,3.18994434278,3.91027750414,3.19118725752,3.90868305368,0.931397463714,0.954435801064,1.47874038049e-05,5.65906692329e-05,5.06052480337e-05,4.92443695961e-05,0.000188442694597,0.00026236141037,0.152382328602,1.05950446074,0.857995857326,0.195853577314,0.219702784067,0.0208126791372,0.0339839268395,0.287363771098,0.163457324862,0.103075984202,0.140137825727,0.226322974487,0.185247677141,0.152216775839,2.54312582809,250.718505052,21,3,135.414222505,1.9636101568,22.1902493851,29.1173194023,16.2286867994,2,2.8346371141,0.944879038034,0.500230078959,0.166743359653,2,17.5351780094,1.336096987,1.33609698682,0.0,2,6.11769287723,3.18133106354,0.0,0.244717774118,2,16.8082653133,4.09972957408,1.26145525343,0.315363813391,4.02860649847,4.02860649847,1.06829624756,1.06829624756,6.91742888832,0,3.024,0,4.73475045564,0,1.39138804464,0
2.11248148329,19.4555754813,45.4525710124,1.62974803187,7.34561802736,8.18706901635,13.0172498114,16.8232206353,26.6932350555,19.4122807696,3.87400784254,51.4224658324,1.74288540192,0,8.41727025624,7.08552227219,3.47612493177,9.54344313897,9.30234784952,9.36873985306,8.21257686806,8.20255609658,8.00664637294,36.6905077685,9.79416936587,10.7613601189,7.42638094676,8.22317792995,9.81759439717,9.61901463098,16.8232435586,13.2323498113,13.2353002769,10.9099249125,8.63403405529,4.98450666623,22.6914935554,9.37552468096,15.0607395603,17.7879670512,12.4470936128,12.1808407443,14.6772416921,14.6177049241,0.00299194733345,0.00299194733345,0.00299194733345,0.00299194733345,0.00299194733345,0.00299194733345,0.00299194733345,0.00299194733345,0.00299194733345,0.00299194733345,0.00299194733345,0.00299194733345,0.00299194733345,0.00299194733345,0.00598389466689,3.7485044337,4.10869770814,3.18896127393,3.90633791542,3.18879021388,3.91142407514,3.18858545707,3.90910777613,3.61671727314,4.04161599396,3.18833368414,3.91111022911,3.16258991348,3.86931658994,3.48623966321,3.96987833898,3.18861164606,3.91204941934,3.84284474316,4.24304986523,3.19292142288,3.9132815425,3.18968894787,3.91081086115,0.901469975613,0.946806996386,1.49408356848e-05,5.2651743677e-05,5.67180767926e-05,5.58577674451e-05,0.000221342099952,0.000253848542005,0.167527533181,0.917184600114,0.968911187241,0.200527624712,0.209312878833,0.0229308877376,0.028653030412,0.315292258366,0.135800798617,0.0924119156365,0.131270175372,0.184952761565,0.201912596935,0.144391450791,3.20032236589,202.518403633,21,2,143.824329042,2.0263046686,20.9443524964,30.2965718598,18.7520394142,2,2.51144162399,0.837147207997,0.443195580704,0.147731860235,2,18.4144081148,1.44151739036,1.44151739005,0.0,1,6.26186804968,3.4790205056,0.0,0.198801171749,3,21.9503735526,6.16428603567,2.58039880217,0.645099701407,3.29948795642,3.29948795642,0.890870887634,0.890870887634,3.79521112977,0,1.26375447116,0,3.35198795642,0,0.932870887634,0
1.75276388068,20.6751184811,42.8545750356,1.84703645885,7.56511938069,8.23820830209,11.6149700502,13.3153839131,24.2671555993,21.011429237,3.69638071439,52.9792297278,1.5488968044,0,7.3551391544,8.6093274366,3.35853025371,9.94790505211,8.44172761174,8.44193276674,8.3111557009,10.1587838369,9.15930253677,35.9456591852,8.23321597135,11.8885360742,8.81584556299,8.47753952325,9.35058308252,7.93208531424,14.9253924556,11.9351788631,13.8842172308,11.4056907394,7.39161925239,6.29951603871,21.7638857367,8.96206262619,12.6093965051,16.9397831932,12.9548698129,14.5390627842,17.0401305792,15.8264718939,0.00442736495021,0.00442736495021,0.00442736495021,0.00442736495021,0.00442736495021,0.00442736495021,0.00442736495021,0.00442736495021,0.00442736495021,0.00442736495021,0.00442736495021,0.00442736495021,0.00442736495021,0.00442736495021,0.00885472990042,3.75187715889,4.10844090775,3.1902827365,3.91048195423,3.1907549944,3.91340419389,3.18915298945,3.9099241895,3.62123675943,4.0393545898,3.19019248486,3.91057669774,3.16055704626,3.86978751781,3.49198780595,3.96937817902,3.1902291994,3.91098329741,3.83812081557,4.23922487851,3.1888272571,3.9086122572,3.18955099964,3.91132806163,0.914981731354,0.911624671921,1.60979406942e-05,4.97400842288e-05,5.90198994833e-05,4.29086620911e-05,0.000206144519423,0.00021712148863,0.146273334125,0.92843214589,0.952809747654,0.208885227474,0.195142093763,0.0169271124033,0.029939315441,0.299114755664,0.157898010652,0.101601050358,0.145742671049,0.166694068605,0.166287587422,0.175615245176,2.93988248561,231.805021559,21,2,137.810805829,1.55664815436,24.2075530627,31.2080818762,17.0379383998,3,2.99174065369,0.997246884563,0.712319203259,0.23743973442,3,12.2613419473,0.902237674034,1.16001986659,0.0322227740726,3,9.79345340325,4.73215313243,0.330150218542,0.495225327813,3,16.971024947,4.04355024943,1.69264894149,0.423162235405,2.99980533281,2.99980533281,0.820974544871,0.820974544871,6.16732148532,0,3.024,0,3.30137680159,0,1.05246635136,0
1.96171225796,15.4716085944,39.1554821575,1.4446427092,8.17737152072,7.50570845937,10.3840062535,13.793709931,26.3518682723,20.6516783843,3.43451160559,57.1270939245,1.91919832629,0,7.96016712532,10.0651213322,3.59627971932,8.19210828519,9.04092945006,9.28324662719,8.74858316486,7.90383102281,8.43550665765,46.8511508181,7.04141563591,8.23475901285,8.13558522399,9.99430715185,8.01491335011,8.41569428174,16.5410912342,9.93860439063,15.3435537143,14.3837422983,8.26013804737,7.21828023815,17.8658930934,11.2698550461,11.1468720739,15.1037150793,11.0743890088,16.3044688265,14.5334290328,12.1141774012,0.0032287160627,0.0032287160627,0.0032287160627,0.0032287160627,0.0032287160627,0.0032287160627,0.0032287160627,0.0032287160627,0.0032287160627,0.0032287160627,0.0032287160627,0.0032287160627,0.0032287160627,0.0032287160627,0.0064574321254,3.74908751027,4.11004369915,3.18855761313,3.91098334538,3.18969518575,3.91200893107,3.1922121641,3.91182453947,3.61894643676,4.0410539176,3.19034990717,3.91202743065,3.15945032152,3.86747347533,3.49279359527,3.97277829188,3.19297256035,3.90860925659,3.83886782001,4.24154638686,3.18846400821,3.90924792775,3.19057639405,3.91253987614,0.919881152114,0.921608911085,1.55490867613e-05,4.7317914491e-05,5.89396099251e-05,5.48787761351e-05,0.000218412189027,0.000260254508749,0.157753144421,0.768874279119,0.846133524179,0.173269197968,0.159129684275,0.0222650811572,0.0385536379758,0.321367945555,0.137472667983,0.0944963465567,0.150189669132,0.194367052275,0.160118119439,0.143599237708,2.7314380435,235.669238369,21,4,149.9399255,1.61980975509,23.9629377762,31.3661913722,19.2985842381,3,3.89094367562,1.29698122521,0.926415160863,0.308805053621,3,15.5593279358,1.19171331122,1.53220282862,0.0425611896865,1,6.48588156418,3.60350608422,0.0,0.205914633384,2,15.6112389671,3.7427591916,1.15161821271,0.2879045532,2.76679936924,2.76679936924,0.767515966146,0.767515966146,4.48237192665,0,2.01826713511,0,2.87428454856,0,0.853427642547,0
