Date/Time,Environment:Site Outdoor Air Drybulb Temperature [C](Hourly),Environment:Site Outdoor Air Relative Humidity [%](Hourly),LIVING:Zone Operative Temperature [C](Hourly),LIVING:AFN Zone Infiltration Air Change Rate [ach](Hourly),LIVING:Zone Air System Sensible Heating Energy [J](RunPeriod),LIVING:Zone Air Relative Humidity [%](Hourly),LIVING:Zone Air Generic Air Contaminant Concentration [ppm](Hourly) 
 01/01  01:00:00,7.88,78.7,13.2790972116884,0.805436461694947,,57.3738940605838,5.188651759371458E-002 
 01/01  02:00:00,7.92,82.05,12.9444510896282,1.01003133740941,,57.3314575961589,5.194627907961602E-002 
 01/01  03:00:00,8.375,83.7,12.7131407116208,0.916308301635716,,60.8081053026044,5.173632261826915E-002 
 01/01  04:00:00,9.04,83.75,12.5404530995608,0.819549162726998,,63.0678971708754,5.110405257511559E-002 
 01/01  05:00:00,8.63,90.4,12.3689727021728,0.827472909180246,,67.057573991732,5.053561115706968E-002 
 01/01  06:00:00,8.,89.05,12.1605190710498,0.898467964192683,,69.0025249760041,5.077134390060752E-002 
 01/01  07:00:00,8.55,84.45,15.32285358761,1.05041450365722,,49.149778911907,5.149829301887678E-002 
 01/01  08:00:00,8.615,84.,17.098195566858,0.993381095842492,,43.3511453359096,5.208588488801643E-002 
 01/01  09:00:00,7.97,83.45,14.7930163278025,0.702993023443415,,54.9840193631479,5.147436468335893E-002 
 01/01  10:00:00,8.085,80.8,13.5242065671406,0.58344612423109,,58.1851437283361,5.127120323039756E-002 
 01/01  11:00:00,8.84,78.45,12.9585902420345,0.544061382053884,,59.4735944182668,5.172764533208255E-002 
 01/01  12:00:00,9.75,69.75,12.6372586993691,0.63978782006025,,60.2872871286767,5.253989443843141E-002 
 01/01  13:00:00,9.76,65.2,12.4288037960886,0.954068198160633,,57.1535965029297,5.357252999065849E-002 
 01/01  14:00:00,10.005,67.,12.2837551945132,1.15486608021384,,56.6737224867384,5.461431210540655E-002 
 01/01  15:00:00,10.555,65.9,12.2505997214925,1.24748792288547,,58.4376382618255,5.437060988435155E-002 
 01/01  16:00:00,10.49,65.,12.1266146208622,1.53878767059546,,58.7375263067267,5.453582523442979E-002 
 01/01  17:00:00,10.4,62.25,12.0036098694092,1.14378191227124,,57.8575512139061,5.442045838413695E-002 
 01/01  18:00:00,10.125,63.85,15.0478961741543,1.96488760066012,,41.5454364492109,5.530382974434531E-002 
 01/01  19:00:00,9.405,65.35,16.7205913740132,1.80565835521347,,37.0863446817949,5.598604576430631E-002 
 01/01  20:00:00,8.89,66.2,17.6416514044711,1.71915884521801,,33.6077493760831,5.557854845421471E-002 
 01/01  21:00:00,9.24,68.55,18.2439524548422,1.87310554318125,,33.2964441819014,5.586297822067533E-002 
 01/01  22:00:00,9.27,70.1,15.5737402503279,1.7866975465937,,45.5948729069651,5.590992183020858E-002 
 01/01  23:00:00,8.945,75.95,14.2169773789726,1.47270121765927,,51.6601889136541,5.532711896350193E-002 
 01/01  24:00:00,8.46,81.1,13.6309023615324,1.05876483353414,,56.461764272967,5.384592336208761E-002 
 01/02  01:00:00,7.605,91.9,13.3076100108503,0.522805258889554,,58.7108359819742,5.093215685037709E-002 
 01/02  02:00:00,5.99,100.,12.9986455552315,0.562087751422642,,61.9744684755545,4.841740246111201E-002 
 01/02  03:00:00,4.395,100.,12.6903458309045,0.550184439647005,,61.8418530882224,4.729556886638681E-002 
 01/02  04:00:00,3.24,99.45,12.3793845149614,0.55579729763669,,60.0379236551983,4.678996325885861E-002 
 01/02  05:00:00,2.81,99.55,12.0689477823401,0.557911347063784,,57.8629262888913,4.662267355743487E-002 
 01/02  06:00:00,2.955,100.,11.7856487142337,0.542441236800129,,57.1334707267803,4.642576579608751E-002 
 01/02  07:00:00,3.275,100.,14.9204513096864,0.603848542320808,,41.1396315549439,4.656389437917640E-002 
 01/02  08:00:00,3.775,100.,16.6563431502173,0.618444354410791,,36.6926356439794,4.709022584712523E-002 
 01/02  09:00:00,3.78,100.,14.2476368610857,0.532117514132909,,48.3212668579435,4.697007580825122E-002 
 01/02  10:00:00,3.545,100.,12.8879287584075,0.520356254849105,,53.3154972848253,4.635871312534520E-002 
 01/02  11:00:00,4.435,100.,12.2516495227741,0.44656142874402,,56.0159085151375,4.560001001686857E-002 
 01/02  12:00:00,5.365,100.,11.8823934501789,0.375932951848146,,59.2236343133407,4.415629342454576E-002 
 01/02  13:00:00,6.105,98.9,11.6311582738302,0.317721408444791,,62.0857833943978,4.258555566426363E-002 
 01/02  14:00:00,6.38,99.1,11.424091709632,0.309688229814609,,64.8360290225825,4.098144008442824E-002 
 01/02  15:00:00,6.475,100.,11.2142251497121,0.357495810824088,,67.5047539149776,4.054941518504081E-002 
 01/02  16:00:00,6.535,100.,10.9993432320655,0.471101122135367,,70.455986846823,4.168494476814396E-002 
 01/02  17:00:00,6.345,100.,10.7961464034402,0.417479658175258,,72.5535533050993,4.278816806642470E-002 
 01/02  18:00:00,5.585,100.,14.0195234309298,0.526743738761255,,52.3169239529578,4.328583389236958E-002 
 01/02  19:00:00,4.615,100.,15.7717726005428,0.616959750335707,,44.894132736856,4.528584803829510E-002 
 01/02  20:00:00,5.18,100.,16.7604893120826,0.581288663745444,,41.0048728057549,4.641704367203953E-002 
 01/02  21:00:00,5.13,100.,17.4800269609976,0.60195597605265,,39.4578881801116,4.665821090803964E-002 
 01/02  22:00:00,4.61,100.,14.6497637859415,0.498903142384503,,52.2564654285929,4.653925017964881E-002 
 01/02  23:00:00,4.15,100.,13.1440158929769,0.504215782512682,,57.2570116142683,4.560381287338314E-002 
 01/02  24:00:00,4.47,100.,12.3192705560449,0.756581076221522,,59.379651888864,4.686481691546394E-002 
 01/03  01:00:00,5.87,100.,11.7579481904564,1.14592501739817,,63.9336374852251,5.015287441318615E-002 
 01/03  02:00:00,6.61,100.,11.3349979114546,1.47246033021917,,70.6496439232602,5.338029359380040E-002 
 01/03  03:00:00,6.81,100.,10.9881824140246,1.84668896839059,,75.0641469230873,5.507439586486054E-002 
 01/03  04:00:00,7.835,100.,10.7277601206725,1.89886485794632,,79.804930175605,5.636550865655735E-002 
 01/03  05:00:00,7.61,100.,10.5238931119589,1.22468639855948,,84.0368824648411,5.678292815915864E-002 
 01/03  06:00:00,6.91,100.,10.2520100907519,1.49452488252876,,81.4782967854556,5.700086089346981E-002 
 01/03  07:00:00,7.22,100.,13.0045476758315,3.24940652779428,,61.5024716966683,5.779305068841236E-002 
 01/03  08:00:00,7.345,100.,14.2175861928869,4.25077570461363,,57.8445762239219,5.880861901498183E-002 
 01/03  09:00:00,7.19,100.,12.0256970062392,2.91605163776714,,73.1850486861696,5.851645170390794E-002 
 01/03  10:00:00,8.255,100.,10.9527770319433,4.19625007896135,,82.2972377772332,5.884165188890511E-002 
 01/03  11:00:00,8.43,100.,10.6392896676793,3.41112579799419,,88.1523452488586,5.851281883213569E-002 
 01/03  12:00:00,8.845,100.,10.4263113330083,2.80404543117182,,88.3579788068655,5.827674579645242E-002 
 01/03  13:00:00,9.425,100.,10.4020363787633,2.47213607346761,,93.8358514097745,5.814588272934815E-002 
 01/03  14:00:00,9.585,100.,10.3532435682488,2.0512974076757,,94.2564879599239,5.787544490096060E-002 
 01/03  15:00:00,9.46,98.9,10.3164415560465,1.62675178015316,,95.1287718374443,5.726956678920993E-002 
 01/03  16:00:00,9.595,99.1,10.262738617382,1.08677481844909,,93.383602283224,5.620169192150232E-002 
 01/03  17:00:00,9.945,100.,10.2391019827137,0.840243593835077,,96.5208509209145,5.520109181277182E-002 
 01/03  18:00:00,9.405,100.,13.3132243306943,1.13868966999738,,70.8059194728639,5.611240587179380E-002 
 01/03  19:00:00,9.44,100.,14.8696782062899,1.33984290274905,,62.3027462035489,5.738102597596796E-002 
 01/03  20:00:00,8.92,100.,15.7357724481205,1.60779270641757,,58.9617791704501,5.762307730582918E-002 
 01/03  21:00:00,7.265,100.,16.2920768380262,2.41596014445661,,52.0906531830056,5.719984776628084E-002 
 01/03  22:00:00,6.995,100.,13.6453308767272,1.99282518887264,,64.6123315285869,5.679107164812344E-002 
 01/03  23:00:00,7.895,100.,12.45441617584,1.47981193110663,,71.9895106628441,5.552560892059751E-002 
 01/03  24:00:00,8.025,100.,11.9780206602933,1.0390767938745,,76.5013336086438,5.395191373095228E-002 
 01/04  01:00:00,7.525,100.,11.7167139572574,0.52292982996758,,77.2842043752596,5.095492324780526E-002 
 01/04  02:00:00,6.97,100.,11.5225642760561,0.366937493781547,,77.2168588550292,4.706407070411498E-002 
 01/04  03:00:00,6.26,100.,11.3276356989256,0.380087060312042,,76.5626571223182,4.465019914934716E-002 
 01/04  04:00:00,6.34,100.,11.1528646077053,0.340117209977587,,75.5641519843743,4.315708166085943E-002 
 01/04  05:00:00,6.535,100.,10.9934064327116,0.355531456098151,,75.6856010743471,4.183214053432271E-002 
 01/04  06:00:00,7.06,100.,10.831997624369,0.415212609072854,,76.2824441750931,4.195783592816598E-002 
 01/04  07:00:00,6.5,100.,14.0504060773427,0.656416604114282,,55.3525633347731,4.376649702781380E-002 
 01/04  08:00:00,5.875,100.,15.7961895119734,0.773286454896966,,47.5308454778642,4.714287387127658E-002 
 01/04  09:00:00,7.09,100.,13.4991009015385,0.640296190607389,,61.5152196683047,4.818556618782455E-002 
 01/04  10:00:00,6.8,100.,12.2723895695768,0.619975373298053,,69.0664188950482,4.774210677278989E-002 
 01/04  11:00:00,6.065,100.,11.674960135398,0.676496028726323,,70.6898853311127,4.798200604035702E-002 
 01/04  12:00:00,7.19,100.,11.3526459490972,0.697618373062112,,72.4154657105307,4.843837503095400E-002 
 01/04  13:00:00,7.395,100.,11.1376688673259,0.765550361581299,,76.1048327872666,4.887138275504259E-002 
 01/04  14:00:00,7.34,100.,10.9656522038621,0.898849016773749,,77.546298235874,4.995965450572139E-002 
 01/04  15:00:00,7.755,98.9,10.835873804934,1.07506809737795,,79.6834193060812,5.139699036069921E-002 
 01/04  16:00:00,7.745,99.1,10.6643412114061,1.26547171235799,,81.1818362944093,5.283451609462656E-002 
 01/04  17:00:00,7.975,100.,10.5056794741947,1.30956256200118,,83.1843843521264,5.374802359151398E-002 
 01/04  18:00:00,6.88,100.,13.6332410819872,1.3401477058335,,60.0837730343914,5.394756816433610E-002 
 01/04  19:00:00,6.9,100.,15.3321416872752,1.32733516589407,,50.6072207897142,5.411080011076275E-002 
 01/04  20:00:00,7.085,100.,16.3249512210101,1.28155458051404,,48.5994513725689,5.394769050620866E-002 
 01/04  21:00:00,6.17,100.,16.9857572914906,1.24670167394011,,45.1533870717484,5.378408691050399E-002 
 01/04  22:00:00,6.835,100.,14.3083015450443,1.06272125487287,,59.0062232595749,5.334305840800694E-002 
 01/04  23:00:00,6.555,100.,12.9051678341365,0.997358940071381,,66.6196089394171,5.247976333606794E-002 
 01/04  24:00:00,5.59,100.,12.1818666480898,0.958352445456232,,67.271918395773,5.207097040584295E-002 
 01/05  01:00:00,5.335,89.,11.726257968952,0.891427827243722,,65.3954707610711,5.157123397793140E-002 
 01/05  02:00:00,5.09,78.35,11.3677452746506,0.945988683883819,,59.2342583077687,5.135216117030200E-002 
 01/05  03:00:00,4.835,81.95,11.0362995135964,1.09017510839131,,55.7614359191149,5.200118053085072E-002 
 01/05  04:00:00,5.195,84.35,10.7513296229357,1.19009077914865,,57.1492152114928,5.286544143314174E-002 
 01/05  05:00:00,5.05,85.2,10.5091425329991,1.14872423955869,,58.9868747094703,5.313280575180227E-002 
 01/05  06:00:00,4.105,87.55,10.2231599574798,1.23149252050804,,59.467614683141,5.322067578444935E-002 
 01/05  07:00:00,3.865,88.,13.2030266323378,1.37121842774437,,42.7265965321263,5.385729139346292E-002 
 01/05  08:00:00,4.165,88.,14.9154562275081,1.13977420103365,,37.8281217331443,5.373846951113537E-002 
 01/05  09:00:00,3.97,90.75,12.6208447387154,0.770558223821427,,49.4673438802359,5.260608710460769E-002 
 01/05  10:00:00,4.8,88.05,11.3936908920746,0.50690706994843,,54.8163482186832,5.102581014867116E-002 
 01/05  11:00:00,6.14,82.35,10.8772079137494,0.489971822184744,,58.073216014794,4.985636189740764E-002 
 01/05  12:00:00,6.5,78.25,10.5991320511912,0.405927181987297,,59.9043637320676,4.873359675614471E-002 
 01/05  13:00:00,7.6,72.15,10.4389403939593,0.505177086454783,,60.0733521649267,4.728890811479709E-002 
 01/05  14:00:00,8.28,68.45,10.3476258922155,0.558380833696735,,60.3504428450208,4.772026902114702E-002 
 01/05  15:00:00,8.375,69.1,10.2589395957267,0.596364094829558,,60.395730689672,4.954172294199040E-002 
 01/05  16:00:00,8.325,71.1,10.1193136508243,0.72607596109422,,62.3048742833772,5.279910296608666E-002 
 01/05  17:00:00,8.32,70.9,9.98255924862592,0.730342820313132,,63.3954543927623,5.373700368125025E-002 
 01/05  18:00:00,8.5,70.55,13.186127607379,0.993602951229846,,46.0065530596937,5.378241156131371E-002 
 01/05  19:00:00,6.905,75.4,14.9013953198912,1.35609044253886,,40.5431597914871,5.395250278518817E-002 
 01/05  20:00:00,6.37,75.7,15.7598341792032,1.40655417475136,,36.8056678372429,5.445923265844135E-002 
 01/05  21:00:00,6.175,75.2,16.4552389497597,1.35975511196143,,34.6057997806831,5.425202622608375E-002 
 01/05  22:00:00,5.885,73.7,13.6919772994389,1.44790479572672,,44.9215461368358,5.436689429738850E-002 
 01/05  23:00:00,5.925,72.1,12.2513289846769,1.37297396505898,,48.1758917904569,5.455022444777716E-002 
 01/05  24:00:00,5.535,70.8,11.6041496285714,0.854060956141079,,49.0190932132742,5.360777078504183E-002 
 01/06  01:00:00,5.18,86.05,11.1248290059604,0.729206145599523,,51.5845326688366,5.392569566308277E-002 
 01/06  02:00:00,4.56,100.,10.713372144012,1.20695823830214,,62.3658122517874,5.443747753936038E-002 
 01/06  03:00:00,4.09,100.,10.2997967373352,1.79662628623833,,66.3471332023124,5.534033984573723E-002 
 01/06  04:00:00,3.175,100.,9.88373976816212,1.77641447556954,,66.5157737897947,5.618891767633598E-002 
 01/06  05:00:00,2.83,100.,9.32887932695404,2.86251333134002,,65.507275572878,5.747292178844064E-002 
 01/06  06:00:00,2.77,100.,9.02759665561071,2.12020166266096,,66.6872021883417,5.744031029680271E-002 
 01/06  07:00:00,2.17,100.,11.726249966668,1.54204970267735,,48.7291174616442,5.748502395382293E-002 
 01/06  08:00:00,2.285,100.,12.9601652459015,1.67311659323791,,43.8646443620127,5.791942237519739E-002 
 01/06  09:00:00,2.93,100.,10.5380117851796,1.72934221731365,,59.3432636842062,5.812548002708993E-002 
 01/06  10:00:00,3.585,100.,9.34205245912863,1.84722625091286,,67.7254558669155,5.832386649322228E-002 
 01/06  11:00:00,3.075,100.,8.7934381492675,1.82589763111829,,70.5072580135072,5.837231518881135E-002 
 01/06  12:00:00,3.555,100.,8.48646830755196,1.66641937966263,,70.2478017341018,5.812464696954881E-002 
 01/06  13:00:00,5.6,100.,8.52367153566776,1.53018307513992,,78.5270201971275,5.779796462958223E-002 
 01/06  14:00:00,6.61,100.,8.75373243200015,1.29673178103529,,85.3832361250635,5.741291277902638E-002 
 01/06  15:00:00,6.645,100.,8.93830908038618,1.20225645062392,,86.1796961703788,5.680241534439514E-002 
 01/06  16:00:00,6.6,100.,8.86606334505259,1.4097707012278,,86.264829002429,5.615381004563402E-002 
 01/06  17:00:00,5.5,100.,8.66559919657068,1.91257226517541,,84.7562049580514,5.571789006070409E-002 
 01/06  18:00:00,4.655,100.,11.4911037219257,2.44764102600162,,58.7376359044396,5.670977007160497E-002 
 01/06  19:00:00,4.92,100.,12.9996563522471,2.77149768283153,,52.1046002840308,5.741365078173107E-002 
 01/06  20:00:00,5.21,99.45,13.7518398390357,2.90480426047168,,50.5402617310623,5.785364003053101E-002 
 01/06  21:00:00,5.41,98.45,14.472227853016,2.41791805292613,,48.31502072984,5.739171561434216E-002 
 01/06  22:00:00,4.125,99.1,11.9165053048605,1.94206716268947,,61.8071722595638,5.668482844065197E-002 
 01/06  23:00:00,3.825,100.,10.6044039349771,1.56151041271871,,63.5026786143965,5.566956415478004E-002 
 01/06  24:00:00,4.445,100.,10.1006748828629,1.19883782693476,,67.2824300379332,5.437521444813814E-002 
 01/07  01:00:00,4.345,86.25,9.7953026010639,0.931965572768812,,66.683757849425,5.287401305151043E-002 
 01/07  02:00:00,4.465,73.9,9.57431387967271,0.805984850781013,,60.134467895512,5.136700484484753E-002 
 01/07  03:00:00,4.765,70.8,9.38512386848747,0.75216942146157,,56.2961398119236,5.043791950202928E-002 
 01/07  04:00:00,4.955,70.1,9.21764324575121,0.710301935898033,,54.4475679380363,4.966536891740124E-002 
 01/07  05:00:00,4.89,71.55,9.05720872948677,0.66757882786282,,54.3816835246542,4.909796371375755E-002 
 01/07  06:00:00,4.36,73.1,8.8925223028857,0.650959548883495,,54.6292887983761,4.852300357056256E-002 
 01/07  07:00:00,3.56,76.75,12.0796709930835,0.754971791554184,,39.0239384280205,4.873563726909769E-002 
 01/07  08:00:00,3.64,76.8,13.9071739221889,0.676459055837346,,34.0941692408635,4.897142609184170E-002 
 01/07  09:00:00,4.385,77.75,11.6278628755341,0.58025986983979,,44.6855869090619,4.826741874240755E-002 
 01/07  10:00:00,5.36,76.15,10.4027003168452,0.589510872460271,,50.9327906776725,4.771325116584231E-002 
 01/07  11:00:00,6.67,69.15,9.91633728566092,0.653261212748998,,54.0259548802693,4.749946138684524E-002 
 01/07  12:00:00,8.015,65.45,9.68394730929188,0.885441428772824,,56.2194329338968,4.897063785509827E-002 
 01/07  13:00:00,9.535,61.15,9.62832529385851,0.847274613531762,,58.7282497072712,5.047846413798476E-002 
 01/07  14:00:00,10.355,60.75,9.73103727845301,1.07220977522607,,60.396450407358,5.093732439229180E-002 
 01/07  15:00:00,10.455,65.75,9.80249239900978,1.18071139292323,,64.5788346668558,5.289129583434864E-002 
 01/07  16:00:00,10.445,68.55,9.77850526580821,0.968896015847135,,68.6422549497853,5.245833026309743E-002 
 01/07  17:00:00,10.4,69.,9.74147869383551,0.837979458999461,,70.6496395417773,5.149488359182790E-002 
 01/07  18:00:00,9.685,70.65,13.1180619130323,0.566635190920188,,50.6313474776949,5.022443033013869E-002 
 01/07  19:00:00,8.605,75.3,15.0495946218097,0.539541618767239,,43.8023762017983,4.899057149218329E-002 
 01/07  20:00:00,7.87,78.55,16.1204073420968,0.662108377168395,,40.7465390964088,4.912494577523527E-002 
 01/07  21:00:00,7.435,79.55,16.8336769426668,0.977262324492328,,38.5456267275113,5.036516882453783E-002 
 01/07  22:00:00,6.97,81.1,14.102525254384,1.00929509280201,,50.8510942535973,5.134644640967813E-002 
 01/07  23:00:00,6.26,80.35,12.5845596681192,1.32037151612591,,55.0636095371815,5.292977378498661E-002 
 01/07  24:00:00,5.735,80.65,11.8635753420428,0.803572594000133,,54.783627672934,5.389769342428487E-002 
 01/08  01:00:00,5.38,91.9,11.5148264312793,0.52225507912942,,56.2210192062251,5.174966888641160E-002 
 01/08  02:00:00,5.31,100.,11.2708281092645,0.497331860507063,,60.2757697560864,4.848674693710273E-002 
 01/08  03:00:00,5.73,100.,11.056406858133,0.51781671161193,,64.1316152952641,4.692278320224114E-002 
 01/08  04:00:00,5.505,100.,10.8526857835362,0.544385700183442,,67.3616659632102,4.636759373679572E-002 
 01/08  05:00:00,4.66,100.,10.6230689508767,0.636684522709447,,68.4478252434344,4.670679220943550E-002 
 01/08  06:00:00,4.905,100.,10.3912151154421,0.768122530013183,,68.690137513159,4.805922374468629E-002 
 01/08  07:00:00,6.06,100.,13.6103645759734,0.728371210440353,,50.6018955112438,4.884354884326347E-002 
 01/08  08:00:00,6.325,100.,15.337972660828,0.985367013120671,,47.2647848797618,5.050391959433922E-002 
 01/08  09:00:00,5.715,100.,13.0368485928003,0.676004230696947,,61.6514151027141,5.044504477157878E-002 
 01/08  10:00:00,5.95,100.,11.8091206851143,0.553250838220451,,66.8167953707488,4.875714572898390E-002 
 01/08  11:00:00,6.95,100.,11.2924225024957,0.391439401066015,,70.4562640786201,4.739992156436997E-002 
 01/08  12:00:00,7.895,100.,11.0191885082009,0.367165642605605,,74.7469797943625,4.702172034104498E-002 
 01/08  13:00:00,8.905,98.9,10.8900169875044,0.504041436757607,,79.1664446169917,4.670045498066863E-002 
 01/08  14:00:00,9.51,99.1,10.8347785986153,0.619272795028626,,83.8838844721824,4.711689901245162E-002 
 01/08  15:00:00,9.71,100.,10.8354425800231,0.535595421940239,,87.4279296779012,4.688185042997942E-002 
 01/08  16:00:00,9.525,92.3,10.763998824339,0.474802622788371,,88.6964817800806,4.599219063016089E-002 
 01/08  17:00:00,9.465,87.65,10.6728366185875,0.485866805198922,,86.1907967330251,4.521807023627234E-002 
 01/08  18:00:00,8.775,95.05,13.9797098971022,0.720382614522739,,60.8787327209023,4.629444436453607E-002 
 01/08  19:00:00,7.55,100.,15.7874985384516,0.848323586545888,,52.9994129505386,4.868326360495156E-002 
 01/08  20:00:00,7.815,100.,16.7920213615424,0.920196801278189,,48.7720916691777,5.028998049900222E-002 
 01/08  21:00:00,7.3,100.,17.4949764906168,1.02867279886576,,46.850013390424,5.135973089179520E-002 
 01/08  22:00:00,6.345,100.,14.6931578871688,1.02136879960076,,60.088632196443,5.198185782488705E-002 
 01/08  23:00:00,6.355,100.,13.2297110693148,0.949877789125167,,64.4987100790465,5.194964204903927E-002 
 01/08  24:00:00,6.125,100.,12.5492761277598,0.842822744893151,,66.4736570103636,5.132307857371127E-002 
 01/09  01:00:00,5.625,100.,12.1109253524925,0.755078804117763,,66.9663624409616,5.049963652479705E-002 
 01/09  02:00:00,4.96,92.85,11.7576442322105,0.791943054928458,,65.4891733930099,4.996629652478374E-002 
 01/09  03:00:00,4.38,88.1,11.4210266458902,0.871507506405079,,60.8601174915321,5.040366029971036E-002 
 01/09  04:00:00,3.815,85.7,11.1032709499154,0.959208042782997,,57.5734548186231,5.100015597901314E-002 
 01/09  05:00:00,3.83,85.75,10.7931149502454,1.04942316593485,,54.9039092075923,5.185763892805219E-002 
 01/09  06:00:00,3.825,85.8,10.5086323048151,1.07830444302095,,55.6578554504352,5.234055492262775E-002 
 01/09  07:00:00,3.38,88.4,13.5949549094289,0.960628407807634,,39.8593405669483,5.230833121931807E-002 
 01/09  08:00:00,3.2,90.9,15.2622649550219,1.02714426248456,,35.7933887954089,5.197615799376483E-002 
 01/09  09:00:00,3.255,90.55,12.7800767486201,1.07303556046758,,47.1052704011672,5.245441951897448E-002 
 01/09  10:00:00,4.125,91.,11.5057004925304,0.905881478579165,,52.6568305884134,5.201237337498730E-002 
 01/09  11:00:00,4.415,95.4,10.931388363031,0.861845753471951,,57.785184064375,5.119110323295811E-002 
 01/09  12:00:00,4.815,95.7,10.5391201438477,0.948137633126656,,62.3027276064145,5.124790559066569E-002 
 01/09  13:00:00,4.96,96.85,10.2496891791223,1.03070709821378,,65.8972781459228,5.175690857396330E-002 
 01/09  14:00:00,4.93,97.8,9.9928805881488,1.00377928386402,,68.5896939240111,5.214025919253886E-002 
 01/09  15:00:00,5.2,93.25,9.80184041144215,0.883322747533741,,69.5040774614321,5.166606149759543E-002 
 01/09  16:00:00,5.475,84.95,9.63816533714688,0.760196972996755,,68.161704270066,5.077055816186103E-002 
 01/09  17:00:00,5.48,82.75,9.48044250876797,0.702528447007728,,65.9654734095154,4.974560336963425E-002 
 01/09  18:00:00,5.3,89.4,12.6895627225987,0.832820068149766,,47.2909861934386,4.975836261259826E-002 
 01/09  19:00:00,5.08,96.3,14.4684206394743,0.885710698913259,,43.346401675629,5.046156291199636E-002 
 01/09  20:00:00,4.075,99.55,15.4035664254644,0.931694049198038,,41.7953647183977,5.100959960834489E-002 
 01/09  21:00:00,4.115,100.,16.0725299007365,0.90442335034748,,39.4915875840038,5.128825019341833E-002 
 01/09  22:00:00,5.25,100.,13.3755303265134,0.720592637699394,,53.9183734254948,5.070730895561082E-002 
 01/09  23:00:00,4.71,100.,11.916887938445,0.73790158974667,,61.6449714564124,4.966976195612703E-002 
 01/09  24:00:00,4.285,100.,11.1547400538761,0.860704863104082,,63.8018994817658,5.007754154926769E-002 
 01/10  01:00:00,4.985,100.,10.6784766823453,0.950117547799551,,66.4957784771748,5.087917502665892E-002 
 01/10  02:00:00,5.74,100.,10.3640867764024,0.850686150327622,,70.193530481414,5.123456007247566E-002 
 01/10  03:00:00,6.375,100.,10.1390784971807,0.616523534623922,,74.0958983204506,5.074639271793304E-002 
 01/10  04:00:00,6.215,100.,9.91330248016496,0.564504455007058,,77.5647821544741,5.158580752037158E-002 
 01/10  05:00:00,5.35,100.,9.69210150478124,0.602822603375916,,77.6446802905818,5.235599734652000E-002 
 01/10  06:00:00,5.34,99.45,9.49181151100636,0.710805974134515,,76.2235731752846,5.215972079626574E-002 
 01/10  07:00:00,5.975,98.45,12.7170398400037,0.777313926498828,,55.01687388469,5.182698293807492E-002 
 01/10  08:00:00,6.53,93.6,14.592604076417,0.65216786578996,,48.6357534842947,5.073075761900660E-002 
 01/10  09:00:00,6.58,83.95,12.3064291949664,0.549856768141775,,61.9164474617438,5.002951259918824E-002 
 01/10  10:00:00,6.95,80.65,11.1016537936561,0.751535844100354,,64.0309400402183,4.949385718672362E-002 
 01/10  11:00:00,7.84,85.85,10.6205187663193,0.622611715127343,,66.6349334931799,4.900268616127057E-002 
 01/10  12:00:00,9.63,80.75,10.3991106612056,0.57231273646017,,71.0887960490564,4.790014469093758E-002 
 01/10  13:00:00,11.185,72.35,10.3076902812273,0.439539153423903,,73.6368336829064,4.675879844120908E-002 
 01/10  14:00:00,11.885,72.1,10.2966341478718,0.386432047943884,,75.3696709951401,4.576332156300082E-002 
 01/10  15:00:00,12.255,75.75,10.3724150998666,0.486818873758523,,78.2549089669372,4.578174229151120E-002 
 01/10  16:00:00,12.355,77.45,10.3831007088727,0.574161654297183,,82.2896853250111,4.654013507006691E-002 
 01/10  17:00:00,12.29,75.9,10.3720611463555,0.548520363693472,,84.6020438678979,4.702346346119023E-002 
 01/10  18:00:00,11.76,77.75,13.8048929182553,0.489358472444665,,60.3201917362055,4.629426826660073E-002 
 01/10  19:00:00,11.235,79.45,15.8261271471604,0.415251154916199,,52.3790037857288,4.517385839856287E-002 
 01/10  20:00:00,10.055,86.15,17.0109359880836,0.438841409261945,,48.3385712443112,4.407111131734933E-002 
 01/10  21:00:00,9.475,87.05,17.8736453648301,0.492723213818114,,45.6252369007926,4.430969316953069E-002 
 01/10  22:00:00,8.71,85.75,15.2093729976569,0.392016798079862,,59.4702745416504,4.407663487738311E-002 
 01/10  23:00:00,8.065,83.05,13.8006143029987,0.386490499659932,,63.5839553740149,4.308132562209073E-002 
 01/10  24:00:00,7.76,78.45,13.1195677432201,0.622558476741718,,62.7855527017006,4.405427785570933E-002 
 01/11  01:00:00,6.96,74.7,12.6122703673898,0.986219810220447,,58.9036655771929,4.797349311204342E-002 
 01/11  02:00:00,6.27,72.55,12.2092519401965,1.0318618409425,,53.6008569003675,5.128280361737634E-002 
 01/11  03:00:00,5.505,72.45,11.8986585329648,0.737139294248197,,50.7637594031052,5.194762398744511E-002 
 01/11  04:00:00,5.705,71.45,11.6432660962803,0.610580287320068,,49.0332303596597,5.175450655677426E-002 
 01/11  05:00:00,6.695,72.1,11.4416470580863,0.649847887244745,,50.1759185542812,5.146098452123848E-002 
 01/11  06:00:00,7.21,73.55,11.2502413937805,1.01835107317754,,53.5463602170641,5.184313593006774E-002 
 01/11  07:00:00,6.53,74.,14.2552316163899,1.5048810065157,,40.3242043567308,5.323447618184851E-002 
 01/11  08:00:00,6.45,72.9,15.9890110640265,1.10858779367825,,34.7194121505974,5.383243372470457E-002 
 01/11  09:00:00,6.735,72.,13.6296501998573,1.28179868518855,,45.2349956724147,5.374466501683760E-002 
 01/11  10:00:00,7.81,74.75,12.4249296933094,1.06020354540018,,51.0040956089313,5.365395665534265E-002 
 01/11  11:00:00,9.57,75.9,11.9656428854514,0.695898606782696,,59.4896474577156,5.385990011046797E-002 
 01/11  12:00:00,10.695,73.9,11.7725533969363,0.735689156797666,,65.4988939703278,5.370526972702232E-002 
 01/11  13:00:00,11.21,77.95,11.6867622256195,1.35595519633165,,70.5888079844971,5.382432095594483E-002 
 01/11  14:00:00,12.18,79.25,11.6527003103085,1.42583077453859,,77.6611059793058,5.437235847412321E-002 
 01/11  15:00:00,12.845,79.75,11.6540172936691,0.981312351593374,,82.4016155290196,5.419159205745049E-002 
 01/11  16:00:00,12.8,80.9,11.638077048925,0.653764222592511,,85.9178114978959,5.418676476352983E-002 
 01/11  17:00:00,12.69,81.1,11.6153077853671,0.965687438856624,,86.4868488758775,5.454406593620148E-002 
 01/11  18:00:00,12.27,82.55,14.8646356882496,1.30672654144214,,62.7038655334916,5.492030587325616E-002 
 01/11  19:00:00,11.01,87.95,16.5990546552705,1.68266805924046,,54.9380133626425,5.507303173259138E-002 
 01/11  20:00:00,9.43,95.3,17.4158869629731,1.8779602426185,,51.292342154935,5.584973624572459E-002 
 01/11  21:00:00,9.625,95.25,18.0722045496606,1.7766293222887,,48.72536540993,5.586022667165844E-002 
 01/11  22:00:00,9.145,96.85,15.4324958854213,1.6152786146344,,64.6288753307864,5.554455696148435E-002 
 01/11  23:00:00,7.98,98.35,14.0186340020838,1.41371420172022,,68.5430278472112,5.495724900723535E-002 
 01/11  24:00:00,7.305,98.65,13.3751625244755,1.15718955408325,,68.3279493105311,5.395420072645002E-002 
 01/12  01:00:00,6.35,100.,12.9609032386019,0.945607697374147,,67.543421181903,5.272757190481779E-002 
 01/12  02:00:00,5.02,100.,12.6495385290582,0.723973499615062,,65.4388391321231,5.114429591509782E-002 
 01/12  03:00:00,3.86,100.,12.3528793888182,0.651342565249959,,62.5883285838218,4.954717552320156E-002 
 01/12  04:00:00,3.39,100.,12.073811075807,0.56726179586479,,60.2814313740949,4.830819762749664E-002 
 01/12  05:00:00,2.695,100.,11.7654059243503,0.651985797179993,,58.8462497660476,4.772146666365984E-002 
 01/12  06:00:00,2.64,100.,11.4317242563183,0.72941961164539,,57.3479141167644,4.854876844169895E-002 
 01/12  07:00:00,2.78,100.,14.5237082024132,0.800950740058563,,41.2822205181451,4.915253571960249E-002 
 01/12  08:00:00,1.94,100.,16.1242625193318,0.9415114596853,,36.037676407368,5.029646317062445E-002 
 01/12  09:00:00,0.85,100.,13.522153448136,1.03545782675001,,45.3132464153922,5.140394349009336E-002 
 01/12  10:00:00,1.885,100.,12.0936465616931,0.965244685141204,,48.4457567611388,5.196800236652601E-002 
 01/12  11:00:00,4.695,100.,11.5060835710521,0.661737654949611,,54.9953233749709,5.154883527494469E-002 
 01/12  12:00:00,6.715,100.,11.1980145978063,0.490235885523856,,64.058288923192,5.088224600203921E-002 
 01/12  13:00:00,9.225,93.4,11.0225673957069,0.441079773241893,,72.5458115184953,5.037600715508159E-002 
 01/12  14:00:00,11.02,89.1,10.9364888922142,0.353180097015819,,80.1844621316757,4.961908659995146E-002 
 01/12  15:00:00,11.255,89.45,10.8542525854831,0.283629840472871,,85.7871482172576,4.857352784030479E-002 
 01/12  16:00:00,11.245,85.15,10.7752618137145,0.288557136413392,,88.2670770452014,4.720050799903365E-002 
 01/12  17:00:00,11.2,80.9,10.6944393041249,0.353333059439508,,87.5933848588804,4.589726605492007E-002 
 01/12  18:00:00,9.55,85.5,14.0184503552288,0.622026603340439,,61.203336799966,4.583157906770104E-002 
 01/12  19:00:00,7.925,87.8,15.8384970444045,0.730874336748997,,50.8770724027798,4.761192480862766E-002 
 01/12  20:00:00,7.315,86.,16.8525159861511,0.781836410496654,,44.4990178186597,4.884653839006102E-002 
 01/12  21:00:00,6.175,87.1,17.5436349465148,0.854773967648576,,39.8837890723921,4.982834441313506E-002 
 01/12  22:00:00,5.17,86.9,14.7100693845362,0.802933535979963,,50.1370047163986,5.023601412984933E-002 
 01/12  23:00:00,5.065,87.1,13.2190702236615,0.816383101755941,,52.7124305916299,5.019923600400329E-002 
 01/12  24:00:00,4.65,94.05,12.4636556066905,0.852778658555904,,54.9970104833978,5.040310648855527E-002 
 01/13  01:00:00,3.595,81.4,11.8784424208345,0.895683838173712,,54.8331606964632,5.144798363617327E-002 
 01/13  02:00:00,2.88,70.85,11.3780164468547,0.96916962857786,,46.0811025644031,5.288795529896060E-002 
 01/13  03:00:00,2.48,74.55,10.9876480087371,1.00198878379747,,43.5814742350445,5.290627528453332E-002 
 01/13  04:00:00,3.235,81.05,10.6780284218747,1.02229579877556,,45.0609857812809,5.254513628657095E-002 
 01/13  05:00:00,3.395,84.9,10.3859780462595,1.1601682209088,,50.8309030281036,5.266314456899077E-002 
 01/13  06:00:00,2.625,79.05,10.0328424310631,1.30023975645153,,51.0539332743402,5.347300115123699E-002 
 01/13  07:00:00,2.18,77.2,12.9366932377332,1.43407204452093,,35.2526243956644,5.406911162250809E-002 
 01/13  08:00:00,2.33,77.35,14.5210940184571,1.40445472329569,,30.6103759507145,5.444740848106633E-002 
 01/13  09:00:00,2.93,76.55,12.1891664347937,1.09263652080241,,39.8344054756985,5.387180004771277E-002 
 01/13  10:00:00,2.815,79.75,10.9590705467449,0.953312485543464,,44.7130752735886,5.255986337307848E-002 
 01/13  11:00:00,2.775,78.15,10.3690210655773,0.904549753584283,,47.0870105082714,5.176009610144831E-002 
 01/13  12:00:00,3.55,74.45,10.0382824985577,0.804363666106473,,47.6967872256028,5.114340742851609E-002 
 01/13  13:00:00,3.945,75.65,9.88673326181827,0.543006029768689,,48.8558576968351,4.958588509410673E-002 
 01/13  14:00:00,4.78,77.55,9.81918168140836,0.5132209060218,,50.7902461945816,4.863440127220123E-002 
 01/13  15:00:00,5.335,77.45,9.78044965219351,0.713360841035997,,53.9456264266166,4.827617630474094E-002 
 01/13  16:00:00,5.145,74.8,9.61741815515144,0.689047549454573,,55.6017447732108,4.869623779041377E-002 
 01/13  17:00:00,4.605,75.2,9.43223756267157,0.678018568763814,,55.5587900144311,4.855298111282346E-002 
 01/13  18:00:00,4.64,79.75,12.6361196866964,0.790352104041536,,40.0927048093896,4.899049246279545E-002 
 01/13  19:00:00,4.945,83.1,14.4785963950897,0.723837877356807,,36.7179148786101,4.939958494127001E-002 
 01/13  20:00:00,4.625,84.55,15.5107062587754,0.694107313327442,,35.3458153472809,4.901462190780963E-002 
 01/13  21:00:00,4.125,88.3,16.2246184031672,0.713784254866875,,34.1822612362415,4.897840670783051E-002 
 01/13  22:00:00,4.23,91.,13.474007871087,0.575564712948269,,46.4966705411493,4.852916335037880E-002 
 01/13  23:00:00,4.17,89.35,12.0045275990579,0.542998737741703,,52.5106734535401,4.726596714454503E-002 
 01/13  24:00:00,4.12,88.,11.2762482905611,0.576261631400975,,54.8097056098485,4.688572538992165E-002 
 01/14  01:00:00,4.465,84.15,10.8156243181091,0.587480666084738,,56.1924546521273,4.691080202748391E-002 
 01/14  02:00:00,5.095,87.05,10.4874682463755,0.605074259632983,,57.4008355097256,4.703120868754371E-002 
 01/14  03:00:00,6.05,90.9,10.2401824412225,0.619526314485035,,61.9523143369339,4.730655362797355E-002 
 01/14  04:00:00,5.73,91.1,10.0159340733763,0.674088935585896,,66.046982818055,4.766366321164206E-002 
 01/14  05:00:00,5.76,88.7,9.80774664651218,0.64533072482235,,67.4012556125819,4.814936647753715E-002 
 01/14  06:00:00,5.64,86.,9.64155882263585,0.568772555854121,,67.8382016777464,4.758834613791355E-002 
 01/14  07:00:00,4.44,85.45,12.8396825578415,0.652855736078148,,47.5318008099061,4.747715333829357E-002 
 01/14  08:00:00,4.285,81.7,14.6322924820278,0.675627254203739,,39.4719804469168,4.797942559386084E-002 
 01/14  09:00:00,4.985,77.35,12.3123527377889,0.580208160647188,,49.462829497067,4.792145702996065E-002 
 01/14  10:00:00,5.245,76.,11.0737441199492,0.531566669518856,,53.0500338348074,4.704373934101524E-002 
 01/14  11:00:00,5.64,78.2,10.5264415345742,0.520549065134178,,54.7837490433891,4.635393987621180E-002 
 01/14  12:00:00,6.33,79.45,10.2244581365212,0.539260716708163,,57.547125477248,4.607919404263965E-002 
 01/14  13:00:00,6.985,80.1,10.0452840321302,0.5192738099677,,60.445288792628,4.609462291383306E-002 
 01/14  14:00:00,7.905,83.2,9.96619164249131,0.3822786508093,,63.6089651329465,4.489868692800641E-002 
 01/14  15:00:00,8.51,84.45,9.88251826522402,0.361669217825997,,67.8887551011726,4.378264823328706E-002 
 01/14  16:00:00,8.435,82.35,9.79401723340912,0.449623847141595,,71.1586389898097,4.344805669644933E-002 
 01/14  17:00:00,8.245,82.65,9.69537153284421,0.512860592604392,,72.8441263322382,4.428896683096218E-002 
 01/14  18:00:00,7.76,87.3,12.9982517977796,0.655616001211819,,53.0457677529477,4.548755851042428E-002 
 01/14  19:00:00,7.29,89.45,14.8722770233653,0.696322158352931,,47.2870904917375,4.728183704387960E-002 
 01/14  20:00:00,6.65,91.2,15.9456095579384,0.639831018466766,,44.0656192535155,4.790721417970625E-002 
 01/14  21:00:00,6.255,96.85,16.7252969603895,0.630915143915644,,41.906997203923,4.784796684373242E-002 
 01/14  22:00:00,6.465,98.35,14.0120155683471,0.547486952470193,,56.8864982992563,4.747399728778199E-002 
 01/14  23:00:00,6.545,98.65,12.5688940410504,0.556937895645174,,64.0400476352302,4.671536189778025E-002 
 01/14  24:00:00,5.895,100.,11.8926700569511,0.500547710513948,,67.6336121293737,4.623624987389496E-002 
 01/15  01:00:00,4.795,100.,11.4274549300281,0.574390665050048,,68.2913311726841,4.634862239374161E-002 
 01/15  02:00:00,4.135,100.,11.1051851391394,0.454945236399107,,67.2196321751927,4.579936778066424E-002 
 01/15  03:00:00,3.175,100.,10.8124422169251,0.485739042911191,,66.0706201739787,4.500083826873812E-002 
 01/15  04:00:00,1.62,100.,10.4978606027978,0.52703409436849,,63.4869475280421,4.523018815152312E-002 
 01/15  05:00:00,1.34,100.,10.1795230791827,0.605563111425938,,60.4021032679798,4.593755607592983E-002 
 01/15  06:00:00,2.03,100.,9.90508627503739,0.584846756449749,,59.4843555534064,4.682733072684308E-002 
 01/15  07:00:00,3.125,100.,13.093097643626,0.570774680563347,,43.1902692998148,4.669619911211843E-002 
 01/15  08:00:00,2.92,100.,14.8833167469061,0.591445835126513,,39.1338626535402,4.673669893461197E-002 
 01/15  09:00:00,2.475,100.,12.4806647158836,0.532338942478639,,50.9275582597075,4.671000498115516E-002 
 01/15  10:00:00,3.745,100.,11.1830453538022,0.448922197819179,,56.5045798854842,4.586489163119056E-002 
 01/15  11:00:00,5.315,100.,10.6234377105216,0.36804677640285,,61.3215062558366,4.436988174944347E-002 
 01/15  12:00:00,6.395,100.,10.3017566466707,0.408175078629225,,66.1923084163781,4.285687517882945E-002 
 01/15  13:00:00,7.9,100.,10.1008095728089,0.537092649107057,,73.0576168066961,4.411307976503422E-002 
 01/15  14:00:00,9.515,99.45,9.99915339460017,0.329338453719457,,80.1383547439608,4.384663776479415E-002 
 01/15  15:00:00,10.045,95.15,9.9181892477378,0.507842496948617,,86.820521794998,4.410770256534394E-002 
 01/15  16:00:00,10.,89.8,9.84371969949479,0.424125289132283,,89.5184219253243,4.422602721744857E-002 
 01/15  17:00:00,9.835,86.9,9.76809504741738,0.300794589062603,,89.7627315858267,4.276840313519142E-002 
 01/15  18:00:00,8.93,86.,13.1354931908946,0.414778274856814,,63.0054701639328,4.184441554344839E-002 
 01/15  19:00:00,7.585,85.45,15.0452402568683,0.519484017811517,,52.4936976258183,4.313507054848418E-002 
 01/15  20:00:00,7.,90.5,16.1046931002888,0.590252598618086,,46.3424273274144,4.494050024171896E-002 
 01/15  21:00:00,6.23,97.75,16.8625978881872,0.638688088772977,,43.5948444767815,4.638558610489667E-002 
 01/15  22:00:00,5.325,97.8,14.1196595951472,0.51882073728034,,57.1929540986145,4.669818974283527E-002 
 01/15  23:00:00,4.33,98.2,12.6407494866368,0.508887179726129,,61.352351139174,4.587078923914387E-002 
 01/15  24:00:00,3.645,100.,11.8949587460469,0.535059965332262,,61.7645577967656,4.588386859494635E-002 
 01/16  01:00:00,3.49,89.55,11.4215635896795,0.502167215089743,,60.7633150198924,4.570743073292560E-002 
 01/16  02:00:00,3.29,79.35,11.05879440838,0.508110756814865,,57.0811935022135,4.544011114922082E-002 
 01/16  03:00:00,3.145,75.8,10.7350559414179,0.561778877068382,,53.4207445808191,4.574609321102745E-002 
 01/16  04:00:00,2.66,72.9,10.4273002872468,0.607858335372474,,50.1039231999484,4.642755565184227E-002 
 01/16  05:00:00,1.805,70.35,10.1054188875681,0.685966676447692,,46.7375577311222,4.735360884130428E-002 
 01/16  06:00:00,1.565,70.1,9.77798164357066,0.782686188195059,,43.6760404209401,4.860135166598770E-002 
 01/16  07:00:00,1.865,69.9,12.8766993167072,0.738073703154979,,30.6664395563235,4.911743859300845E-002 
 01/16  08:00:00,2.275,61.85,14.5793359866368,0.798215560719717,,26.1507985939123,4.980884414246398E-002 
 01/16  09:00:00,2.39,57.1,12.2686232131454,0.510460754945095,,32.0851079262144,4.891161321409275E-002 
 01/16  10:00:00,2.41,59.65,10.991295787305,0.444740479973984,,34.2252822109354,4.675235021250070E-002 
 01/16  11:00:00,3.215,66.5,10.413906371913,0.390822979769452,,36.0795037154001,4.496992635596975E-002 
 01/16  12:00:00,4.35,68.8,10.0731341673565,0.391393428947775,,39.4928824596459,4.352597151746437E-002 
 01/16  13:00:00,5.515,65.9,9.82143829846429,0.61139651943837,,43.2923052214458,4.420470378182881E-002 
 01/16  14:00:00,6.155,65.,9.64855722374003,0.741830851589311,,47.4655751521752,4.711648088428296E-002 
 01/16  15:00:00,6.255,66.1,9.52538277293418,0.676399573979932,,50.1620994246094,4.817381159344166E-002 
 01/16  16:00:00,6.41,68.1,9.38156524769713,0.614185637118271,,52.5705092489665,4.804283821236113E-002 
 01/16  17:00:00,6.335,69.,9.23962008485273,0.564097429704105,,54.7090736112607,4.741726559338871E-002 
 01/16  18:00:00,5.815,67.9,12.4793848685675,0.73004678371681,,39.4835378865902,4.766315931655037E-002 
 01/16  19:00:00,5.06,66.45,14.2613200694784,0.834234131792087,,33.6954151125529,4.917287788054962E-002 
 01/16  20:00:00,4.645,61.05,15.2343644640323,0.839105286705305,,29.6653694537838,5.010604607471265E-002 
 01/16  21:00:00,4.435,57.55,15.9501921200382,0.829520254336197,,25.9399221039431,5.036116763235858E-002 
 01/16  22:00:00,3.97,66.8,13.2056040657289,0.678550122368168,,33.9072586031379,4.996012125153552E-002 
 01/16  23:00:00,3.425,75.1,11.7564750484869,0.493737244274366,,39.4427586742705,4.819047172232487E-002 
 01/16  24:00:00,2.98,73.25,11.0587166421522,0.441189755375474,,42.2281124259735,4.619851524164589E-002 
 01/17  01:00:00,2.525,71.,10.5976650631368,0.429404466294878,,42.9767137492655,4.485586259452254E-002 
 01/17  02:00:00,1.585,71.55,10.225565854004,0.456691671209767,,42.9043535567298,4.428148439594438E-002 
 01/17  03:00:00,0.56,74.2,9.86142405259919,0.564464099102804,,42.253697921999,4.476231808532847E-002 
 01/17  04:00:00,3.500000000000000E-002,74.35,9.50754254122076,0.613210561508779,,41.5932615359882,4.607186897603038E-002 
 01/17  05:00:00,-0.43,70.25,9.13801890530283,0.694549599301383,,40.2862094917544,4.753373733175298E-002 
 01/17  06:00:00,-0.535,63.6,8.83383164392641,0.605228314170298,,38.0548390922083,4.772376222070483E-002 
 01/17  07:00:00,-0.73,59.45,11.9057323137513,0.683550706993228,,25.6178972189782,4.782088291311141E-002 
 01/17  08:00:00,-1.33,57.9,13.5480502215572,0.725276051151671,,20.804666392239,4.854676401035006E-002 
 01/17  09:00:00,-1.215,59.75,11.0970021743006,0.58025367745804,,25.9072882746387,4.841346421793209E-002 
 01/17  10:00:00,-0.46,60.9,9.7784918928541,0.489787115255961,,28.7227392859834,4.703372033690822E-002 
 01/17  11:00:00,0.505,61.65,9.16885564318427,0.472375537133175,,30.8143053200614,4.574016706492982E-002 
 01/17  12:00:00,2.155,65.2,8.78517345378348,0.625195498694275,,34.4351849366396,4.597228065862217E-002 
 01/17  13:00:00,3.925,69.2,8.53959063617001,0.971903356354582,,41.7443231644239,4.852779112536933E-002 
 01/17  14:00:00,4.875,67.15,8.48864262295383,0.815459474897329,,48.9510896113174,5.084947325069622E-002 
 01/17  15:00:00,4.88,66.2,8.4155444187658,0.958931118553888,,51.0432818885167,5.165331313939244E-002 
 01/17  16:00:00,4.975,66.35,8.30415573929595,0.472728556698402,,52.1171495509995,4.996637008334969E-002 
 01/17  17:00:00,5.145,67.75,8.17564889804772,0.37269484633416,,53.1220553199619,4.798057396496467E-002 
 01/17  18:00:00,4.495,73.85,11.4331413244209,0.636216785259,,38.9306233873038,4.754607019795033E-002 
 01/17  19:00:00,3.45,83.05,13.1520876196179,0.955552037318493,,36.0859269490616,4.956264547646923E-002 
 01/17  20:00:00,2.89,89.65,14.0504999034646,1.05826770540828,,35.9057477729356,5.138527994532149E-002 
 01/17  21:00:00,2.47,92.65,14.648941832978,1.17743540565634,,35.7039585402386,5.252986239488028E-002 
 01/17  22:00:00,1.87,96.2,11.774356515774,1.19211626546854,,48.7643291637639,5.310777223412313E-002 
 01/17  23:00:00,1.6,99.1,10.2831386755898,1.09285116003557,,54.482117925752,5.311165853058127E-002 
 01/17  24:00:00,1.655,100.,9.61564048928285,0.835245914135054,,57.46556035886,5.201811109617073E-002 
 01/18  01:00:00,1.755,100.,9.21951164059691,0.635873559529702,,59.3523348589843,5.018442894700452E-002 
 01/18  02:00:00,2.46,100.,8.95209285523291,0.460266527766144,,61.0389648802,4.801099224034423E-002 
 01/18  03:00:00,3.44,100.,8.7463160829021,0.376387110763123,,63.7119066967452,4.558064530055536E-002 
 01/18  04:00:00,3.25,99.45,8.54950745880225,0.356784572005842,,66.3592944666944,4.358585024858225E-002 
 01/18  05:00:00,2.525,96.8,8.32503481311566,0.480844456129775,,67.3526838169907,4.320660334297250E-002 
 01/18  06:00:00,1.97,95.,8.1070510791344,0.477286286014594,,66.593852115886,4.400774427805064E-002 
 01/18  07:00:00,1.975,97.75,11.2844593295771,0.605362497577184,,46.9167550087438,4.504053381486593E-002 
 01/18  08:00:00,2.475,95.6,13.1334488410744,0.540781720807879,,41.1001525146369,4.577741736462890E-002 
 01/18  09:00:00,2.755,90.35,10.7983707766546,0.478702513132933,,53.3280314334866,4.559796421680834E-002 
 01/18  10:00:00,3.185,87.9,9.52766412341895,0.459343850467503,,57.8355855782882,4.508687752605466E-002 
 01/18  11:00:00,3.72,83.7,8.95549101063162,0.53408026565844,,59.7932229945796,4.488902435639135E-002 
 01/18  12:00:00,5.055,83.2,8.62182042135636,0.606569297847298,,61.411364314173,4.604053418916391E-002 
 01/18  13:00:00,6.495,82.8,8.44442697342377,0.615668347148682,,66.0890400753097,4.683267006750668E-002 
 01/18  14:00:00,7.175,81.55,8.32788708475716,0.641504344210643,,70.2456566956675,4.748448353235963E-002 
 01/18  15:00:00,7.51,80.9,8.23739166291374,0.615694983740351,,74.2079507048867,4.934583714623449E-002 
 01/18  16:00:00,7.435,79.45,8.16844304766439,0.39690127269781,,75.837827867456,4.994568344995386E-002 
 01/18  17:00:00,7.465,83.95,8.10035328960589,0.570836176606604,,76.7565808012367,4.945612156849659E-002 
 01/18  18:00:00,7.27,92.4,11.4405543888109,0.703173113297409,,57.0127474903272,4.916659014082248E-002 
 01/18  19:00:00,6.395,98.2,13.374708553284,0.634029186972618,,51.9714463954513,4.850981612950141E-002 
 01/18  20:00:00,5.68,100.,14.483922559437,0.585397479505766,,48.9242732448184,4.800133668324937E-002 
 01/18  21:00:00,5.335,100.,15.3275226254399,0.54986246020621,,46.074200355552,4.707433978103279E-002 
 01/18  22:00:00,4.925,100.,12.6224546322687,0.46003690445693,,60.9978824920654,4.635786359611420E-002 
 01/18  23:00:00,4.645,100.,11.1923241782438,0.417637802946329,,66.576872636629,4.498527601978548E-002 
 01/18  24:00:00,4.325,100.,10.5313600530254,0.376540185890656,,68.5838300028142,4.376606453673766E-002 
 01/19  01:00:00,3.825,100.,10.08286359844,0.581333065922991,,69.2112366986619,4.369555780732039E-002 
 01/19  02:00:00,3.27,100.,9.66469280567006,0.915298918513781,,68.4101133567715,4.772935875049271E-002 
 01/19  03:00:00,2.78,100.,9.33374880253234,0.928259344265395,,66.9150835171606,5.027643601591186E-002 
 01/19  04:00:00,2.49,100.,9.05538802589486,0.927003012301121,,65.9107255822616,5.101468117481310E-002 
 01/19  05:00:00,1.85,100.,8.84870371993823,0.652321992977978,,65.0099761279581,5.011533267642517E-002 
 01/19  06:00:00,0.85,100.,8.55639020931095,0.85734642374485,,63.3131168097912,5.007767469130760E-002 
 01/19  07:00:00,0.73,100.,11.6771109617637,0.864690589829059,,43.8208517351266,5.051415830953861E-002 
 01/19  08:00:00,1.385,100.,13.429252688715,0.872127586638769,,38.4291527368565,5.067021623758583E-002 
 01/19  09:00:00,1.645,100.,11.0430926181757,0.809873702742454,,51.131794303049,5.067129106199225E-002 
 01/19  10:00:00,2.095,100.,9.75983800131738,0.716994634421469,,57.0549232524031,5.008100696714294E-002 
 01/19  11:00:00,3.215,100.,9.19406629172122,0.523276064623459,,61.5566017523534,4.917788067079733E-002 
 01/19  12:00:00,5.01,99.45,8.86025679222529,0.468763455143595,,67.7024040921477,4.913976373463585E-002 
 01/19  13:00:00,6.935,99.,8.6811534880958,0.415345024331695,,75.7519643268282,4.949160423993886E-002 
 01/19  14:00:00,8.03,99.55,8.58281824661224,0.408615470075559,,84.1532049679434,4.982927093177656E-002 
 01/19  15:00:00,8.19,100.,8.51121079160445,0.423958465374343,,90.8028177109243,5.010191506740665E-002 
 01/19  16:00:00,8.265,100.,8.45059314171158,0.531217678094464,,94.7525173329199,5.022773125003799E-002 
 01/19  17:00:00,8.345,100.,8.39189443667547,0.815069895120146,,97.6227310037922,5.068868535545624E-002 
 01/19  18:00:00,7.585,100.,11.6686311222396,1.09547170041653,,69.7872791467238,5.148428739096537E-002 
 01/19  19:00:00,6.34,100.,13.4506987055532,1.1990565064504,,58.4278731653891,5.274908445328813E-002 
 01/19  20:00:00,5.47,100.,14.44108099998,1.15595091104552,,51.2668276570979,5.318191008040191E-002 
 01/19  21:00:00,4.925,100.,15.2378686347225,0.912923545019347,,46.351942695725,5.251858103592729E-002 
 01/19  22:00:00,4.425,100.,12.6119518911037,0.576755756190652,,59.9154145977401,5.070178615871453E-002 
 01/19  23:00:00,3.87,100.,11.1854355944533,0.547184812507723,,64.641365108018,4.864796708240258E-002 
 01/19  24:00:00,4.425,99.45,10.5198023669999,0.489575625740172,,66.0219260768141,4.758853691639586E-002 
 01/20  01:00:00,5.87,92.4,10.1243805416424,0.688690167403741,,68.4406811660849,4.760352787170445E-002 
 01/20  02:00:00,6.94,82.6,9.87404180881813,0.71109372191784,,69.2656870887969,4.858929090348761E-002 
 01/20  03:00:00,7.63,76.8,9.7124503084966,0.607135886402086,,68.7246059256744,4.828538547024410E-002 
 01/20  04:00:00,7.79,73.35,9.5826778980566,0.523154032988643,,68.0082370408345,4.730935812132332E-002 
 01/20  05:00:00,7.425,73.65,9.45850892155759,0.493473374696567,,66.9741579800737,4.620942936390728E-002 
 01/20  06:00:00,6.815,75.55,9.33127841613195,0.518894925874313,,66.3437834971313,4.575725817137489E-002 
 01/20  07:00:00,6.885,74.35,12.6272203192955,0.638289191121881,,46.5963733707827,4.632916905455948E-002 
 01/20  08:00:00,7.475,74.65,14.5181350765688,0.689627254713999,,40.566909665432,4.747463218344404E-002 
 01/20  09:00:00,7.865,74.9,12.2646200900874,0.603433372108589,,53.5224344992555,4.783982803193070E-002 
 01/20  10:00:00,8.055,72.9,11.0943260117873,0.576217985019454,,58.9029177756718,4.732544032213186E-002 
 01/20  11:00:00,8.815,69.25,10.6209096802196,0.583867736659388,,60.9635554917101,4.706994457074436E-002 
 01/20  12:00:00,10.39,64.25,10.4081787301009,0.619681310910069,,62.4055566573944,4.716876356030216E-002 
 01/20  13:00:00,11.86,62.,10.336965454849,0.671643866715825,,64.4704949465113,4.768793125104835E-002 
 01/20  14:00:00,12.51,62.55,10.3288331064243,0.693115234920402,,67.570455165784,4.825308917533867E-002 
 01/20  15:00:00,12.6,62.45,10.3347903573055,0.666194871187566,,69.9701425497678,4.844472226751954E-002 
 01/20  16:00:00,12.655,63.1,10.3500094524838,0.637945355158098,,71.1367290307626,4.819693672262453E-002 
 01/20  17:00:00,12.645,61.8,10.3618587243015,0.62452554931958,,71.9749004088631,4.796842564213808E-002 
 01/20  18:00:00,12.27,60.,13.7915400869793,0.699730237838569,,50.4246329856533,4.810048035069850E-002 
 01/20  19:00:00,11.285,58.35,15.7480336444164,0.781702294430003,,42.1218615586417,4.895241375772733E-002 
 01/20  20:00:00,10.645,57.,16.8816835518247,0.78845824057757,,36.4152509821041,4.966798137704544E-002 
 01/20  21:00:00,10.49,59.75,17.7566105792017,0.73748015527636,,33.2366212015465,4.965856185571750E-002 
 01/20  22:00:00,10.235,67.5,15.1430470047138,0.536990576227345,,44.5688898303288,4.880792219940240E-002 
 01/20  23:00:00,9.66,73.1,13.7884181489836,0.467176498155352,,51.310173702962,4.689971443753051E-002 
 01/20  24:00:00,9.135,75.65,13.1786664026917,0.456619933276816,,54.961515864271,4.557372658627091E-002 
 01/21  01:00:00,8.78,89.65,12.8134411720947,0.435392685386159,,58.6666533484743,4.472468089946920E-002 
 01/21  02:00:00,8.325,100.,12.5504788854888,0.459721936845844,,64.8498158682026,4.418387370896637E-002 
 01/21  03:00:00,7.88,100.,12.3372597206407,0.407002661512336,,69.1659295527375,4.396350112435120E-002 
 01/21  04:00:00,8.03,100.,12.1574806491555,0.352391442447463,,71.6448092241602,4.335757427496873E-002 
 01/21  05:00:00,8.08,100.,11.9896740633682,0.420289194871432,,74.0124199928692,4.300383467240497E-002 
 01/21  06:00:00,7.735,100.,11.8141075354898,0.521136611660517,,75.5775733495338,4.354687883286005E-002 
 01/21  07:00:00,7.435,99.45,15.0517785324798,0.637490528247249,,54.5256181018886,4.526293375601941E-002 
 01/21  08:00:00,7.41,99.,16.808655509988,0.816136274457521,,47.7950827132194,4.791253347886219E-002 
 01/21  09:00:00,7.555,99.55,14.4850952572019,0.674893296459162,,61.8204648826224,4.880379790009682E-002 
 01/21  10:00:00,7.765,99.45,13.2778389578588,0.519380453715382,,67.7694634240676,4.784608421121370E-002 
 01/21  11:00:00,8.065,99.55,12.7674047799125,0.412881121949062,,70.7058437433198,4.595101062581296E-002 
 01/21  12:00:00,8.75,94.5,12.4696982553754,0.407985052724517,,72.9604365080404,4.526432503718437E-002 
 01/21  13:00:00,9.75,86.7,12.2857791687103,0.470273239119492,,73.7349729479475,4.709077584441708E-002 
 01/21  14:00:00,10.035,82.9,12.1618267116328,0.466311532211231,,73.5995639354627,4.919412527721072E-002 
 01/21  15:00:00,10.12,78.7,12.1248723412376,0.419661002501651,,72.0507248209141,4.952140419173746E-002 
 01/21  16:00:00,10.08,78.75,12.0229602977874,0.468750769838694,,70.5025523559693,4.919735346807500E-002 
 01/21  17:00:00,10.01,83.2,11.8915050103789,0.493172720279336,,71.2374083367681,4.916826073241397E-002 
 01/21  18:00:00,9.88,85.55,15.196628749172,0.606688556544861,,52.3212311751209,4.892499607546160E-002 
 01/21  19:00:00,9.37,88.2,17.0242640457463,0.793342035009356,,46.7432672458952,4.906274386776364E-002 
 01/21  20:00:00,9.155,92.75,18.0665744823849,0.689248436397855,,44.3860910451258,4.957475950436067E-002 
 01/21  21:00:00,9.31,95.55,18.8293268214883,0.689919561131084,,43.7058058605901,4.941782517118878E-002 
 01/21  22:00:00,9.07,96.55,16.0805943598331,0.675775025116646,,59.4259807069821,4.956194172013399E-002 
 01/21  23:00:00,8.855,89.85,14.5583233281826,1.09901072241747,,65.0198471252471,5.090178558938454E-002 
 01/21  24:00:00,8.46,85.65,13.8729659439779,0.786593409101714,,63.699201945794,5.155249891074629E-002 
 01/22  01:00:00,7.66,86.45,13.4033034761768,0.878028746573093,,62.6490321958742,5.128071958998952E-002 
 01/22  02:00:00,6.64,87.65,13.0424698221075,0.840062366870183,,61.0291835373655,5.071691741688391E-002 
 01/22  03:00:00,5.66,90.65,12.6701008464058,0.997981157243485,,59.5490288655283,5.122435892021204E-002 
 01/22  04:00:00,5.135,93.65,12.3768238271604,0.808498921892107,,58.8116818059338,5.119292682935482E-002 
 01/22  05:00:00,5.,96.1,12.0446610864081,1.05747289618146,,59.8302762961117,5.184450072235684E-002 
 01/22  06:00:00,5.,95.9,11.8097286089522,0.861414086729879,,60.8909742822655,5.164201362153986E-002 
 01/22  07:00:00,5.,95.,15.0056244837532,0.748842315780596,,43.9221937673442,5.070403952469148E-002 
 01/22  08:00:00,4.945,93.9,16.7762028990821,0.705010539712401,,38.5821471103842,4.964140457647515E-002 
 01/22  09:00:00,4.955,95.75,14.3860194264268,0.596440858353643,,49.9691001324707,4.895935057153786E-002 
 01/22  10:00:00,5.,98.,13.0956780213098,0.547083695183466,,55.4764632534626,4.767843627819113E-002 
 01/22  11:00:00,5.33,91.95,12.5022160600796,0.531327544915924,,57.9403135421785,4.697239229557866E-002 
 01/22  12:00:00,5.655,85.35,12.1341076313209,0.600712470000108,,57.886507128019,4.799290497223489E-002 
 01/22  13:00:00,5.645,86.2,11.8763784782613,0.697281913964005,,57.3394928652258,5.053930176696765E-002 
 01/22  14:00:00,5.82,81.95,11.78458555548,0.749305873526264,,57.1051548017048,5.251427919660808E-002 
 01/22  15:00:00,6.,77.,11.775186110912,0.702577382800021,,54.4222978646576,5.319638635337387E-002 
 01/22  16:00:00,6.055,74.25,11.537045111365,0.857209702039486,,53.2821195133781,5.354240934771311E-002 
 01/22  17:00:00,6.045,74.75,11.2572962011559,1.03001980777167,,52.6859707646044,5.374959600034773E-002 
 01/22  18:00:00,6.055,78.65,14.3917593679209,1.13168500410077,,39.1149099602904,5.320967730631129E-002 
 01/22  19:00:00,6.045,80.55,16.1659400856925,0.995208724397101,,35.7150801347354,5.267523182652804E-002 
 01/22  20:00:00,5.505,82.1,17.1509034231056,0.947184001232569,,33.8854056306387,5.194884663491713E-002 
 01/22  21:00:00,5.32,82.45,17.8185838949593,0.962424214133011,,32.2360544972791,5.178394189344219E-002 
 01/22  22:00:00,5.61,83.65,15.0499809938678,0.854355732559466,,43.2673621933053,5.146003339146993E-002 
 01/22  23:00:00,5.645,86.65,13.5777761373895,0.789056125063549,,49.2935515180462,5.071983970687197E-002 
 01/22  24:00:00,5.215,88.,12.8530942592415,0.721086009397865,,52.6616764384791,4.997868935606119E-002 
 01/23  01:00:00,4.46,94.6,12.3625861265075,0.680566557352758,,54.5158671658478,4.926003112326019E-002 
 01/23  02:00:00,3.385,100.,11.9610993397733,0.678395327972319,,56.6461057219694,4.880444176432285E-002 
 01/23  03:00:00,2.25,100.,11.5849631527377,0.693614356625074,,56.5398714432076,4.872295057560611E-002 
 01/23  04:00:00,1.525,100.,11.2312555768308,0.690477795188887,,55.3095255862217,4.875599239718995E-002 
 01/23  05:00:00,0.86,100.,10.8889420281015,0.707222980316514,,54.0834771821207,4.874697806037345E-002 
 01/23  06:00:00,0.115,100.,10.5202694049816,0.76604344967808,,52.7033114358358,4.914795789517377E-002 
 01/23  07:00:00,0.13,100.,13.4990728738697,0.921183328352162,,37.2065626853921,5.006459968116346E-002 
 01/23  08:00:00,0.73,100.,15.0732984424305,1.02498489480156,,33.2127723413406,5.132249155929154E-002 
 01/23  09:00:00,0.945,100.,12.565113153837,1.00013774706267,,44.3978394956514,5.187271836162111E-002 
 01/23  10:00:00,1.395,100.,11.1601416790036,1.0744487571598,,50.0213152107866,5.217365118455854E-002 
 01/23  11:00:00,2.625,100.,10.5026072063384,1.06007786575662,,55.0587759057561,5.253309454136697E-002 
 01/23  12:00:00,3.96,100.,10.1529357813049,0.940039080873513,,60.8040881983164,5.210733622692406E-002 
 01/23  13:00:00,5.71,95.05,9.96935971439855,0.815583298071718,,66.148259194885,5.126885209621096E-002 
 01/23  14:00:00,6.865,87.7,9.868436863073,0.799338902877069,,69.8296223101831,5.047432227191052E-002 
 01/23  15:00:00,6.835,82.25,9.76602236733354,0.795969130576578,,70.0986082480173,5.025164832314076E-002 
 01/23  16:00:00,6.92,78.35,9.62318863263237,0.883271366326955,,68.2316266619583,5.048377717244368E-002 
 01/23  17:00:00,7.045,75.9,9.482996746982,0.63268969738048,,66.8471900660794,5.038903651245622E-002 
 01/23  18:00:00,6.45,78.85,12.7138612966971,0.590422645582921,,47.1595828325815,5.016535409150662E-002 
 01/23  19:00:00,5.23,85.85,14.5212575351085,0.705077674715897,,41.1766170931057,5.000610571559178E-002 
 01/23  20:00:00,4.325,90.1,15.4781369342157,0.744204164899676,,38.3796120390101,4.991924731538558E-002 
 01/23  21:00:00,3.99,89.35,16.0981269324667,0.954696069367583,,36.3659690136159,5.054322702584951E-002 
 01/23  22:00:00,3.515,91.3,13.1952859946985,1.00646979762588,,48.124939092171,5.164799816812380E-002 
 01/23  23:00:00,3.09,93.45,11.6902032941502,0.994950264179086,,53.05281675838,5.191461911725713E-002 
 01/23  24:00:00,3.11,88.6,11.0119441458017,0.665215979173694,,54.2985969094314,5.102052596938196E-002 
 01/24  01:00:00,3.31,92.7,10.5982733769892,0.517401288889643,,54.9063455733141,4.890827120431963E-002 
 01/24  02:00:00,3.73,99.55,10.2920933067961,0.47952945894979,,58.1142179769921,4.703945089067878E-002 
 01/24  03:00:00,4.33,96.15,10.0307333859124,0.513636648727448,,61.6917252274225,4.606951680048312E-002 
 01/24  04:00:00,4.38,93.55,9.79292801178245,0.550127858303252,,63.8511870486931,4.598681305665272E-002 
 01/24  05:00:00,4.2,95.1,9.5588966687853,0.626284458548783,,65.3457267824743,4.652307460063334E-002 
 01/24  06:00:00,3.87,93.8,9.31107855369672,0.797746371798588,,66.5040592125741,4.801175294078335E-002 
 01/24  07:00:00,3.545,91.45,12.3648214442536,1.10393262958827,,47.0743658901215,5.039884630967175E-002 
 01/24  08:00:00,3.445,94.85,14.1321432495106,0.866289855654739,,40.631068113032,5.140635546620468E-002 
 01/24  09:00:00,3.675,96.35,11.7555759563254,0.868879637799094,,54.00644960275,5.118185144581997E-002 
 01/24  10:00:00,4.12,97.75,10.5652414781443,0.567559122836623,,60.028616418934,4.959004018972590E-002 
 01/24  11:00:00,4.795,95.6,10.060909321409,0.456139137366762,,63.9554523013524,4.742722772643702E-002 
 01/24  12:00:00,5.585,93.1,9.76884306750865,0.390090967671764,,66.7260256728704,4.662820953393929E-002 
 01/24  13:00:00,6.395,93.45,9.58925982646085,0.474337842021708,,70.412473535936,4.748041816982008E-002 
 01/24  14:00:00,6.965,91.35,9.4548872205939,0.748256940735056,,74.1227653820892,4.829761785664297E-002 
 01/24  15:00:00,7.045,90.55,9.33837106684497,0.712781313082586,,76.3089752247069,4.897976179358442E-002 
 01/24  16:00:00,6.945,94.3,9.24040263285869,0.618802147609757,,78.0283231419317,4.856912246904691E-002 
 01/24  17:00:00,6.955,98.65,9.14298963598975,0.555726267797399,,80.7450875225704,4.756856303955418E-002 
 01/24  18:00:00,6.78,99.45,12.4404238920219,0.68072372337418,,59.1038635150502,4.754848071229904E-002 
 01/24  19:00:00,6.215,94.6,14.3170697077352,0.696796918357783,,51.412756354997,4.824600066356903E-002 
 01/24  20:00:00,5.79,93.75,15.3700043298433,0.692941334032359,,45.9974896859661,4.855806748100222E-002 
 01/24  21:00:00,5.59,98.2,16.1395260049507,0.694865470534872,,43.1652739225158,4.866788398255974E-002 
 01/24  22:00:00,5.335,100.,13.4181167883236,0.589194892526683,,57.7520084610673,4.833969432167582E-002 
 01/24  23:00:00,5.09,100.,11.9567829951384,0.606088057693347,,63.8713634374769,4.759635485824874E-002 
 01/24  24:00:00,6.54,100.,11.2858757600145,0.641305364625706,,67.6519047714539,4.772873832079123E-002 
 01/25  01:00:00,9.34,82.4,10.9523544108761,0.715586522940555,,72.5766311300388,4.811413405758898E-002 
 01/25  02:00:00,10.71,67.45,10.7723250388445,0.598281462906535,,71.3059990594142,4.839818751027111E-002 
 01/25  03:00:00,10.91,67.,10.6364659413866,0.456146270590058,,70.3169157576789,4.679814920208551E-002 
 01/25  04:00:00,10.89,68.65,10.531655119585,0.331015914081981,,70.3433917821715,4.467720846884220E-002 
 01/25  05:00:00,10.69,70.,10.4448336199435,0.248720610554886,,70.8734173469306,4.234268250904107E-002 
 01/25  06:00:00,10.765,71.1,10.374837662351,0.173095687448318,,71.3835091398098,4.097815142722568E-002 
 01/25  07:00:00,11.01,69.8,13.7674048850717,0.330855765338606,,51.2539367975715,4.135401453039245E-002 
 01/25  08:00:00,11.045,68.55,15.7479694779726,0.425146588192407,,44.6682777006464,4.258502467145341E-002 
 01/25  09:00:00,11.,69.,13.5413051640941,0.367578581747299,,57.6685412103298,4.379948143601718E-002 
 01/25  10:00:00,10.89,68.45,12.3963890538366,0.604032504143681,,62.5705477668758,4.476305517063384E-002 
 01/25  11:00:00,10.8,67.45,11.9435591678637,0.628544811078401,,63.7940557620679,4.652716616427698E-002 
 01/25  12:00:00,11.13,67.55,11.7290449809086,0.600300441862283,,64.2774685208222,4.691529578046351E-002 
 01/25  13:00:00,11.125,68.55,11.6191506899603,0.641771113764037,,65.4507020933298,4.739575464934939E-002 
 01/25  14:00:00,11.065,69.,11.550175043658,0.582370790390275,,66.0523677800006,4.745848868852100E-002 
 01/25  15:00:00,11.09,69.55,11.5045657199608,0.478811715321437,,66.6975475261415,4.655879030260449E-002 
 01/25  16:00:00,11.22,71.1,11.4637097513087,0.37171021971555,,67.4094646786862,4.489782756939411E-002 
 01/25  17:00:00,11.18,73.65,11.423457959089,0.34976574858446,,68.6860462505978,4.303415945282409E-002 
 01/25  18:00:00,10.945,74.45,14.7978990765849,0.539802585022827,,49.9667529393579,4.324340050405047E-002 
 01/25  19:00:00,10.9,75.65,16.7381574638491,0.63482274147656,,44.3598544726432,4.537768834576184E-002 
 01/25  20:00:00,10.845,79.75,17.852440470516,0.67211899330077,,42.4839520532742,4.701397378567336E-002 
 01/25  21:00:00,11.075,80.9,18.6856639740005,0.6951538420656,,41.8533001958566,4.796756287864966E-002 
 01/25  22:00:00,10.97,79.45,16.0276875036415,0.623789705598412,,56.2571599867008,4.811187932726840E-002 
 01/25  23:00:00,10.975,79.,14.6365639764606,0.570461999065215,,61.8388405103486,4.760672145251578E-002 
 01/25  24:00:00,10.87,81.75,14.0259991520266,0.48411239537531,,64.853344864523,4.667579213717053E-002 
 01/26  01:00:00,10.215,82.9,13.6618846492026,0.366431248403319,,66.7550123137597,4.480030869155490E-002 
 01/26  02:00:00,9.13,84.75,13.3836895861621,0.398695850315538,,67.1004631002735,4.340983328961925E-002 
 01/26  03:00:00,7.895,84.8,13.1242376913592,0.474948663444617,,66.2450974038428,4.348614479459961E-002 
 01/26  04:00:00,7.18,84.1,12.8734201913598,0.531612710074639,,63.8216030149921,4.446147096674068E-002 
 01/26  05:00:00,6.67,89.4,12.6269211261349,0.606833926861136,,62.4218791346013,4.558511932679392E-002 
 01/26  06:00:00,6.07,95.2,12.3334107754643,0.871609976563495,,63.0432797444582,4.779022703662437E-002 
 01/26  07:00:00,6.185,97.,15.2827315842665,1.25824860484397,,46.9640912308591,5.096287754658866E-002 
 01/26  08:00:00,6.94,94.25,16.9047715190951,1.37720052649636,,43.0831653624696,5.343818033349103E-002 
 01/26  09:00:00,7.025,91.45,14.5469654312689,1.30281847515721,,55.9604214975115,5.394696452001158E-002 
 01/26  10:00:00,7.13,90.45,13.2879168610035,1.25495953144781,,60.2830816446639,5.383547884235294E-002 
 01/26  11:00:00,8.06,87.8,12.7715869254524,1.17231648632172,,63.0900833460178,5.350252631802760E-002 
 01/26  12:00:00,9.59,83.25,12.5360647227011,1.20574128507748,,66.128879758674,5.336033616950373E-002 
 01/26  13:00:00,11.115,78.25,12.4589985622511,1.19573017162514,,69.3710022016568,5.342061439902494E-002 
 01/26  14:00:00,12.14,73.8,12.4636188201224,1.1416052245357,,71.1303461364606,5.322239918556020E-002 
 01/26  15:00:00,12.555,73.1,12.4835705864394,1.10115296581776,,72.0272019859734,5.296609906610537E-002 
 01/26  16:00:00,12.545,74.55,12.5107731558613,0.995204065092724,,73.3771150931405,5.255150573780631E-002 
 01/26  17:00:00,12.39,76.1,12.4385966996276,0.824879046164819,,74.5717461027349,5.156675302163934E-002 
 01/26  18:00:00,11.915,77.55,15.7286134608449,0.812128327868258,,54.174693673294,5.076862333501407E-002 
 01/26  19:00:00,10.885,79.1,17.5867822581069,0.804996208452361,,46.9831729644175,5.041908346785581E-002 
 01/26  20:00:00,9.97,82.2,18.6308221862361,0.771859874821768,,42.7395786657523,5.013442373236571E-002 
 01/26  21:00:00,9.645,84.,19.4121686238948,0.726694098590407,,40.1210291007796,4.976731610712707E-002 
 01/26  22:00:00,9.38,85.65,16.7428262978875,0.524462211970842,,52.6321802387234,4.878411465659177E-002 
 01/26  23:00:00,9.035,90.85,15.325410313034,0.428604202175949,,58.3151664220258,4.654151060080594E-002 
 01/26  24:00:00,8.405,93.45,14.5993119327275,0.53361844249595,,61.9957310514697,4.644123931869219E-002 
 01/27  01:00:00,7.56,74.3,14.0611424221345,0.786357028919553,,60.2180466422021,4.870203838386901E-002 
 01/27  02:00:00,6.76,60.1,13.5707171692576,1.14957696378945,,48.3343586051827,5.158947061199594E-002 
 01/27  03:00:00,6.455,61.,13.1896577833699,1.14393853730568,,42.3939420850169,5.269521644853589E-002 
 01/27  04:00:00,6.5,58.25,12.8564236678137,1.25930477946148,,40.4768286697816,5.318981818132085E-002 
 01/27  05:00:00,6.39,59.3,12.5521299662026,1.24792848766182,,39.4066346808724,5.372135371679428E-002 
 01/27  06:00:00,6.245,61.45,12.3183924288587,1.04677854147716,,40.6413269989255,5.312598887152920E-002 
 01/27  07:00:00,6.2,61.,15.4570437046152,0.967858065524992,,29.6860351374007,5.237702444610761E-002 
 01/27  08:00:00,6.255,61.,17.1246029038187,1.12890575024557,,26.5068716527039,5.227889339034038E-002 
 01/27  09:00:00,6.3,61.55,14.7543764233152,0.879454803735145,,34.4990097376166,5.242572003082284E-002 
 01/27  10:00:00,6.3,60.9,13.422611064198,1.04053907506759,,38.1194785531228,5.230587706553297E-002 
 01/27  11:00:00,6.355,59.45,12.7763712430178,0.921437431361264,,39.3033470284135,5.288848161416001E-002 
 01/27  12:00:00,6.345,60.1,12.4211438927706,0.643442710250659,,39.9053596802007,5.288725522351601E-002 
 01/27  13:00:00,6.3,65.95,12.1311292022208,1.03618127168268,,42.0073408341982,5.257139515232338E-002 
 01/27  14:00:00,6.355,70.55,11.8709678448886,1.24829070019189,,46.4666939841108,5.324210977915327E-002 
 01/27  15:00:00,6.455,71.,11.6830371254896,1.29493120401845,,49.2194715000342,5.369127582160693E-002 
 01/27  16:00:00,6.555,69.9,11.5980956310329,1.33966053268796,,50.2367405920458,5.396284623994431E-002 
 01/27  17:00:00,6.435,68.45,11.371548329903,1.16502977291754,,50.1909526367306,5.384189091755447E-002 
 01/27  18:00:00,6.3,65.25,14.4716270713301,0.935210298666654,,35.5431819502028,5.329691287408160E-002 
 01/27  19:00:00,6.3,64.1,16.1220673904427,0.939468880841415,,30.3056515623865,5.358977667082869E-002 
 01/27  20:00:00,6.245,67.2,17.0141227450124,0.82495996663012,,28.7397674999041,5.372491230645440E-002 
 01/27  21:00:00,6.365,70.1,17.7778427358214,0.747707785911428,,28.1973097034563,5.270271657494295E-002 
 01/27  22:00:00,6.445,71.,15.0831896516393,0.715221880379127,,38.4241437611162,5.120867631546465E-002 
 01/27  23:00:00,6.4,72.1,13.6111083662526,0.78181801018553,,43.4509059271373,5.003860202608876E-002 
 01/27  24:00:00,6.4,72.45,12.8150603713022,1.16428841010032,,46.8479867743809,5.127445177192021E-002 
 01/28  01:00:00,6.4,82.45,12.2759229615556,1.19412193991032,,51.1299357623527,5.318221248397716E-002 
 01/28  02:00:00,6.4,90.45,11.865004981281,1.23310910704386,,59.8871686399171,5.434721982998671E-002 
 01/28  03:00:00,6.4,89.45,11.5599205429734,1.30457832217231,,63.2110384102882,5.443751460271651E-002 
 01/28  04:00:00,6.4,88.45,11.290705668023,1.13687159455838,,64.3184383588927,5.444745431857022E-002 
 01/28  05:00:00,6.345,86.9,11.0691968074963,0.729975394587453,,64.4900751539479,5.421642767739501E-002 
 01/28  06:00:00,5.97,86.,10.8742037772719,0.843756437477718,,63.8133483908764,5.330142267790409E-002 
 01/28  07:00:00,5.59,86.,13.9265393393368,1.27765097340695,,45.4642614651817,5.330024088148104E-002 
 01/28  08:00:00,5.335,84.35,15.5736890790654,1.32883859322499,,39.2949309071757,5.378039393228270E-002 
 01/28  09:00:00,5.585,81.9,13.2336821422852,1.0994352931185,,49.5411347618123,5.366761310734246E-002 
 01/28  10:00:00,6.23,79.35,12.0385363928381,0.71251307722701,,53.8052978647003,5.275751441960554E-002 
 01/28  11:00:00,6.83,74.7,11.5019227184821,0.697464282758895,,55.5493302636564,5.337017609431020E-002 
 01/28  12:00:00,8.09,70.9,11.2383470188443,1.04190593799642,,56.347562842466,5.426857014278628E-002 
 01/28  13:00:00,9.175,68.9,11.147010718249,1.3546547473942,,59.3642069296251,5.535564042339763E-002 
 01/28  14:00:00,9.51,66.35,11.1496089217456,1.32839491226723,,60.0143744571517,5.564788803445656E-002 
 01/28  15:00:00,9.545,64.45,11.1967380982019,0.858056445299252,,58.7133348736853,5.517814328349472E-002 
 01/28  16:00:00,9.665,64.55,11.2161454097361,0.631806727673879,,57.9374148204742,5.428450896180968E-002 
 01/28  17:00:00,9.635,63.9,11.1205414783579,0.706708704591099,,58.4863262998532,5.311992616960572E-002 
 01/28  18:00:00,9.06,64.65,14.3176844969356,1.11661247514081,,41.7233151579871,5.264845962807972E-002 
 01/28  19:00:00,8.535,65.45,16.091676144741,1.11748100542857,,36.125206992953,5.295263708233321E-002 
 01/28  20:00:00,8.345,65.,17.0910009951054,1.14948711277794,,33.1263224612556,5.290837264226798E-002 
 01/28  21:00:00,7.97,66.1,17.8400823994272,0.971706837710622,,31.1058244770712,5.275094154633832E-002 
 01/28  22:00:00,7.535,68.65,15.0747801793074,0.668640861842661,,41.3302538813981,5.249422109156149E-002 
 01/28  23:00:00,7.235,70.,13.6323931696146,0.764801138492818,,45.9229229782797,5.254681601587426E-002 
 01/28  24:00:00,6.55,71.1,12.9411964511765,0.877465635791684,,47.5387471700791,5.200322820656701E-002 
 01/29  01:00:00,5.55,76.4,12.4429910906734,1.00994363501712,,48.4198919898975,5.176785908763955E-002 
 01/29  02:00:00,4.165,78.35,12.0885711872911,0.771457463990807,,49.0203442507945,5.122569494025812E-002 
 01/29  03:00:00,2.795,77.55,11.6373473769008,1.084627574823,,46.8446622188596,5.180504644412356E-002 
 01/29  04:00:00,2.245,73.6,11.3196100157499,0.753055067138226,,43.9675278375454,5.159067482562139E-002 
 01/29  05:00:00,1.98,69.45,10.9819608268357,0.679262393772355,,41.250672387754,5.142413475893803E-002 
 01/29  06:00:00,1.415,65.7,10.6705637796308,0.705432448943476,,39.0325414952437,5.097707559744169E-002 
 01/29  07:00:00,0.715,67.4,13.5621132471907,1.0899760039757,,27.0381634687204,5.135364809005373E-002 
 01/29  08:00:00,0.675,68.8,15.0998962729462,1.15977419107402,,23.5429002569199,5.259526155259855E-002 
 01/29  09:00:00,1.175,70.85,12.6567416097996,1.02189034469519,,30.8508102150055,5.269170242645634E-002 
 01/29  10:00:00,1.84,77.85,11.335252862777,0.990340443827236,,36.7623562098224,5.219931608782306E-002 
 01/29  11:00:00,3.025,81.,10.7063941597598,0.951202801326869,,43.1167217420198,5.202872943417199E-002 
 01/29  12:00:00,4.635,78.8,10.3688495417058,0.586982644124067,,48.4061680078858,5.106815019543293E-002 
 01/29  13:00:00,6.39,78.65,10.1237702019323,0.5056305250466,,54.1609561064937,5.114229251579006E-002 
 01/29  14:00:00,7.42,79.45,9.9644306691662,0.487020192835321,,61.2669728764657,5.136802603293540E-002 
 01/29  15:00:00,7.49,80.1,9.82734560931329,0.670485545347716,,65.6714823865831,5.127306873794030E-002 
 01/29  16:00:00,7.565,79.9,9.68041955640084,0.989103528448508,,68.2129432419063,5.149670263795589E-002 
 01/29  17:00:00,7.59,80.1,9.55061949452682,0.876229823276057,,69.5948871981462,5.151489659442008E-002 
 01/29  18:00:00,6.785,83.75,12.7808032146144,0.894834151656645,,50.3000702055731,5.109659077013293E-002 
 01/29  19:00:00,5.705,87.65,14.5707247792782,0.874056763585834,,43.8114059577454,5.113599358696915E-002 
 01/29  20:00:00,4.86,90.65,15.5543726395552,0.856296323449468,,40.3229627765263,5.085686973690333E-002 
 01/29  21:00:00,4.39,93.65,16.235471703612,0.879978580284935,,38.0204930251889,5.088366921925917E-002 
 01/29  22:00:00,4.025,94.45,13.4314592301046,0.790556642077432,,50.7155128892314,5.065154448185177E-002 
 01/29  23:00:00,3.69,91.8,11.9575211644449,0.757818636147619,,54.9950264744861,5.009359712615935E-002 
 01/29  24:00:00,3.6,88.9,11.2424324790914,0.713942253121185,,55.6705329716198,4.963165927507385E-002 
 01/30  01:00:00,3.545,82.5,10.7823424888973,0.693188781882374,,55.0771679875013,4.915773563133969E-002 
 01/30  02:00:00,3.83,76.9,10.4346528040378,0.74890027717292,,52.993696732536,4.907061877682967E-002 
 01/30  03:00:00,4.21,76.55,10.1334401057482,0.841436657842461,,52.3077697705441,4.980943358212893E-002 
 01/30  04:00:00,4.245,74.25,9.84971353784353,1.00467805254709,,52.4836062233728,5.083009744138214E-002 
 01/30  05:00:00,4.31,69.8,9.5573478799645,1.26150353287824,,51.2109857650932,5.254861271169575E-002 
 01/30  06:00:00,4.18,66.9,9.28613084255747,1.36184177971405,,49.5213326757817,5.379350237164535E-002 
 01/30  07:00:00,3.725,64.35,12.2290083475441,1.57959606475594,,34.605636633769,5.443821495737403E-002 
 01/30  08:00:00,3.72,66.85,13.7107612183242,1.98945058983871,,30.1049137667617,5.567008316937756E-002 
 01/30  09:00:00,4.01,68.35,11.2464974813892,2.19767660880792,,41.453356175686,5.651847383813920E-002 
 01/30  10:00:00,4.1,69.2,10.0241929330772,2.00420884709953,,45.9630376231399,5.652251336148619E-002 
 01/30  11:00:00,4.65,68.25,9.49816327531502,2.18664868725715,,49.142284180162,5.645200513633882E-002 
 01/30  12:00:00,5.705,66.,9.33434586165932,1.26953534010813,,50.4377754837169,5.572990895016189E-002 
 01/30  13:00:00,6.53,66.,9.40078329802315,0.516876403366152,,51.6486521953028,5.173844055796032E-002 
 01/30  14:00:00,6.635,65.45,9.42172839208888,0.554943901453047,,53.2325890627589,5.039352802846962E-002 
 01/30  15:00:00,6.555,67.2,9.53653344180224,0.863733968539531,,53.7409837732607,4.985071046281178E-002 
 01/30  16:00:00,6.765,69.55,9.63144732887679,0.909296279125374,,55.4408027062918,5.108658159467316E-002 
 01/30  17:00:00,6.845,73.3,9.52150987350063,0.729241128376398,,57.7696075976648,5.036965059621677E-002 
 01/30  18:00:00,6.635,73.8,12.7648911721937,0.850669452047871,,42.7935297655905,5.009697511174037E-002 
 01/30  19:00:00,6.225,72.,14.5669158728655,1.01476557380643,,37.4326593918706,5.107673076979078E-002 
 01/30  20:00:00,5.835,70.35,15.5056481457295,1.21486102823703,,34.167940222563,5.244267117775616E-002 
 01/30  21:00:00,5.425,68.45,16.1998587559124,1.09914635232013,,31.0710127919218,5.316020141109681E-002 
 01/30  22:00:00,5.475,69.1,13.5598486535736,0.788919415288716,,40.1172162147654,5.204596342953157E-002 
 01/30  23:00:00,5.48,71.1,12.1704644359907,0.569202099283658,,44.6651626706925,5.016941274456960E-002 
 01/30  24:00:00,5.025,71.45,11.4866432650369,0.49542522901676,,46.9385951853811,4.950269040014732E-002 
 01/31  01:00:00,4.525,86.95,10.9494699240619,0.994184938724663,,50.9355475619533,5.058206819427014E-002 
 01/31  02:00:00,4.025,100.,10.4128816372341,1.32074687533356,,62.405552826164,5.470485445822169E-002 
 01/31  03:00:00,3.525,100.,10.0998459879999,0.837493251760306,,64.9736745849952,5.471592676681961E-002 
 01/31  04:00:00,3.52,100.,9.8700830062105,0.63227612356442,,65.1053216463191,5.347841601658869E-002 
 01/31  05:00:00,3.535,100.,9.68442215608232,0.691000663678954,,66.0134892861029,5.191187560351906E-002 
 01/31  06:00:00,3.29,100.,9.45772776005667,0.911311509911212,,66.6390211434329,5.104119258445679E-002 
 01/31  07:00:00,3.09,100.,12.5322484875876,1.08591953981806,,48.0059634928516,5.182173407939905E-002 
 01/31  08:00:00,3.165,100.,14.2348372014171,1.07294898437587,,42.1625218347196,5.240852433697470E-002 
 01/31  09:00:00,3.465,100.,11.8933337403436,0.939326696945805,,55.2602372053682,5.221316393476516E-002 
 01/31  10:00:00,3.6,100.,10.654211223056,0.864747461434525,,61.2673091448376,5.147650648869460E-002 
 01/31  11:00:00,3.655,100.,10.1221015358963,0.77662394203997,,63.9942610490473,5.075218085073727E-002 
 01/31  12:00:00,4.195,100.,9.86140221863046,0.623016423334641,,65.8814128399075,4.971845924132513E-002 
 01/31  13:00:00,4.985,100.,9.73747603367716,0.559175048927315,,68.9138169397967,5.008891192785466E-002 
 01/31  14:00:00,5.135,100.,9.78536541338713,0.525441666033613,,71.5418776054454,5.098714057749552E-002 
 01/31  15:00:00,5.,100.,9.88805017626061,0.539364558725381,,71.8522088796749,5.101019507268354E-002 
 01/31  16:00:00,5.275,100.,9.92782349727437,0.680598927851749,,72.1807428646669,5.096912007397793E-002 
 01/31  17:00:00,5.445,100.,9.74005379334165,0.699398813697503,,73.9723328817504,5.091379655413408E-002 
 01/31  18:00:00,5.345,100.,12.9600175350745,0.694476688410876,,53.4190649244978,4.989071349875896E-002 
 01/31  19:00:00,4.97,100.,14.8089692457085,0.685300856782715,,46.6463856343617,4.922529508438692E-002 
 01/31  20:00:00,4.59,100.,15.8484826262097,0.672427706300948,,42.8650034984786,4.879056466139309E-002 
 01/31  21:00:00,4.72,98.9,16.6005210795203,0.686884846528343,,40.2642878542405,4.864326859819805E-002 
 01/31  22:00:00,4.625,99.1,13.8206991402663,0.611309115442008,,53.6457917383105,4.833873846928420E-002 
 01/31  23:00:00,4.29,100.,12.3657521589437,0.526699138319187,,58.9951653398052,4.745185306476752E-002 
 01/31  24:00:00,3.65,100.,11.6706476044487,0.444858283975899,2142720000.,60.9722349069047,4.598046937522190E-002 
