Time,PSZ-AC:1:Des Heat Mass Flow [kg/s],PSZ-AC:1:Des Cool Mass Flow [kg/s],PSZ-AC:1:Des Heat Cap [W],PSZ-AC:1:Des Sens Cool Cap [W],PSZ-AC:2:Des Heat Mass Flow [kg/s],PSZ-AC:2:Des Cool Mass Flow [kg/s],PSZ-AC:2:Des Heat Cap [W],PSZ-AC:2:Des Sens Cool Cap [W],PSZ-AC:3:Des Heat Mass Flow [kg/s],PSZ-AC:3:Des Cool Mass Flow [kg/s],PSZ-AC:3:Des Heat Cap [W],PSZ-AC:3:Des Sens Cool Cap [W],PSZ-AC:4:Des Heat Mass Flow [kg/s],PSZ-AC:4:Des Cool Mass Flow [kg/s],PSZ-AC:4:Des Heat Cap [W],PSZ-AC:4:Des Sens Cool Cap [W],PSZ-AC:5:Des Heat Mass Flow [kg/s],PSZ-AC:5:Des Cool Mass Flow [kg/s],PSZ-AC:5:Des Heat Cap [W],PSZ-AC:5:Des Sens Cool Cap [W] 
00:10:00,9.586716E-02,9.586716E-02,4.017084E+03,1.764049E+03,7.267352E-02,7.267352E-02,3.045210E+03,1.337263E+03,4.311086E-02,4.311086E-02,1.806457E+03,7.932818E+02,7.267352E-02,7.267352E-02,3.045210E+03,1.337263E+03,4.311086E-02,4.311086E-02,1.806457E+03,7.932818E+02 
00:20:00,9.586716E-02,9.586716E-02,4.017084E+03,1.750948E+03,7.267352E-02,7.267352E-02,3.045210E+03,1.327332E+03,4.311086E-02,4.311086E-02,1.806457E+03,7.873902E+02,7.267352E-02,7.267352E-02,3.045210E+03,1.327332E+03,4.311086E-02,4.311086E-02,1.806457E+03,7.873902E+02 
00:30:00,9.586716E-02,9.586716E-02,4.017084E+03,1.737846E+03,7.267352E-02,7.267352E-02,3.045210E+03,1.317400E+03,4.311086E-02,4.311086E-02,1.806457E+03,7.814986E+02,7.267352E-02,7.267352E-02,3.045210E+03,1.317400E+03,4.311086E-02,4.311086E-02,1.806457E+03,7.814986E+02 
00:40:00,9.586716E-02,9.586716E-02,4.017084E+03,1.724745E+03,7.267352E-02,7.267352E-02,3.045210E+03,1.307468E+03,4.311086E-02,4.311086E-02,1.806457E+03,7.756071E+02,7.267352E-02,7.267352E-02,3.045210E+03,1.307468E+03,4.311086E-02,4.311086E-02,1.806457E+03,7.756071E+02 
00:50:00,9.586716E-02,9.586716E-02,4.017084E+03,1.711644E+03,7.267352E-02,7.267352E-02,3.045210E+03,1.297537E+03,4.311086E-02,4.311086E-02,1.806457E+03,7.697155E+02,7.267352E-02,7.267352E-02,3.045210E+03,1.297537E+03,4.311086E-02,4.311086E-02,1.806457E+03,7.697155E+02 
01:00:00,9.586716E-02,9.586716E-02,4.017084E+03,1.698542E+03,7.267352E-02,7.267352E-02,3.045210E+03,1.287605E+03,4.929232E-02,4.311086E-02,1.958815E+03,7.638239E+02,7.267352E-02,7.267352E-02,3.045210E+03,1.287605E+03,4.918007E-02,4.311086E-02,1.956046E+03,7.638239E+02 
01:10:00,9.586716E-02,9.586716E-02,4.017084E+03,1.689808E+03,7.267352E-02,7.267352E-02,3.045210E+03,1.280984E+03,4.311086E-02,4.311086E-02,1.806457E+03,7.598962E+02,7.267352E-02,7.267352E-02,3.045210E+03,1.280984E+03,4.311086E-02,4.311086E-02,1.806457E+03,7.598962E+02 
01:20:00,9.586716E-02,9.586716E-02,4.017084E+03,1.681074E+03,7.328395E-02,7.267352E-02,3.060179E+03,1.274363E+03,4.944519E-02,4.311086E-02,1.961794E+03,7.559685E+02,7.267352E-02,7.267352E-02,3.045210E+03,1.274363E+03,4.933506E-02,4.311086E-02,1.959093E+03,7.559685E+02 
01:30:00,9.586716E-02,9.586716E-02,4.017084E+03,1.672340E+03,7.267352E-02,7.267352E-02,3.045210E+03,1.267742E+03,4.694700E-02,4.311086E-02,1.900533E+03,7.520408E+02,7.267352E-02,7.267352E-02,3.045210E+03,1.267742E+03,4.684290E-02,4.311086E-02,1.897980E+03,7.520408E+02 
01:40:00,9.586716E-02,9.586716E-02,4.017084E+03,1.663606E+03,7.267352E-02,7.267352E-02,3.045210E+03,1.261121E+03,4.697845E-02,4.311086E-02,1.901302E+03,7.481131E+02,7.267352E-02,7.267352E-02,3.045210E+03,1.261121E+03,4.687528E-02,4.311086E-02,1.898772E+03,7.481131E+02 
01:50:00,9.586716E-02,9.586716E-02,4.017084E+03,1.654871E+03,7.267352E-02,7.267352E-02,3.045210E+03,1.254500E+03,4.701380E-02,4.311086E-02,1.902169E+03,7.441854E+02,7.267352E-02,7.267352E-02,3.045210E+03,1.254500E+03,4.691160E-02,4.311086E-02,1.899662E+03,7.441854E+02 
02:00:00,9.586716E-02,9.586716E-02,4.017084E+03,1.646137E+03,7.267352E-02,7.267352E-02,3.045210E+03,1.247879E+03,4.710841E-02,4.311086E-02,1.904488E+03,7.402577E+02,7.267352E-02,7.267352E-02,3.045210E+03,1.247879E+03,4.700715E-02,4.311086E-02,1.902005E+03,7.402577E+02 
02:10:00,9.586716E-02,9.586716E-02,4.017084E+03,1.639587E+03,7.267352E-02,7.267352E-02,3.045210E+03,1.242913E+03,4.725698E-02,4.311086E-02,1.908131E+03,7.373119E+02,7.267352E-02,7.267352E-02,3.045210E+03,1.242913E+03,4.715664E-02,4.311086E-02,1.905671E+03,7.373119E+02 
02:20:00,9.586716E-02,9.586716E-02,4.017084E+03,1.633036E+03,7.267352E-02,7.267352E-02,3.045210E+03,1.237947E+03,4.744384E-02,4.311086E-02,1.912713E+03,7.343661E+02,7.267352E-02,7.267352E-02,3.045210E+03,1.237947E+03,4.734446E-02,4.311086E-02,1.910276E+03,7.343661E+02 
02:30:00,9.586716E-02,9.586716E-02,4.017084E+03,1.626485E+03,7.267352E-02,7.267352E-02,3.045210E+03,1.232981E+03,4.765749E-02,4.311086E-02,1.917952E+03,7.314203E+02,7.267352E-02,7.267352E-02,3.045210E+03,1.232981E+03,4.755914E-02,4.311086E-02,1.915540E+03,7.314203E+02 
02:40:00,9.586716E-02,9.586716E-02,4.017084E+03,1.619935E+03,7.267352E-02,7.267352E-02,3.045210E+03,1.228015E+03,4.789039E-02,4.311086E-02,1.923663E+03,7.284746E+02,7.267352E-02,7.267352E-02,3.045210E+03,1.228015E+03,4.779324E-02,4.311086E-02,1.921281E+03,7.284746E+02 
02:50:00,9.586716E-02,9.586716E-02,4.017084E+03,1.613384E+03,7.267352E-02,7.267352E-02,3.045210E+03,1.223050E+03,4.813398E-02,4.311086E-02,1.929636E+03,7.255288E+02,7.267352E-02,7.267352E-02,3.045210E+03,1.223050E+03,4.803854E-02,4.311086E-02,1.927296E+03,7.255288E+02 
03:00:00,9.586716E-02,9.586716E-02,4.017084E+03,1.606833E+03,7.267352E-02,7.267352E-02,3.045210E+03,1.218084E+03,4.838396E-02,4.311086E-02,1.935767E+03,7.225830E+02,7.267352E-02,7.267352E-02,3.045210E+03,1.218084E+03,4.828881E-02,4.311086E-02,1.933433E+03,7.225830E+02 
03:10:00,9.586716E-02,9.586716E-02,4.017084E+03,1.600283E+03,7.296676E-02,7.267352E-02,3.052400E+03,1.213118E+03,4.864294E-02,4.311086E-02,1.942117E+03,7.196372E+02,7.267352E-02,7.267352E-02,3.045210E+03,1.213118E+03,4.854820E-02,4.311086E-02,1.939794E+03,7.196372E+02 
03:20:00,9.586716E-02,9.586716E-02,4.017084E+03,1.593732E+03,7.343674E-02,7.267352E-02,3.063925E+03,1.208152E+03,4.890964E-02,4.311086E-02,1.948658E+03,7.166914E+02,7.267352E-02,7.267352E-02,3.045210E+03,1.208152E+03,4.881475E-02,4.311086E-02,1.946331E+03,7.166914E+02 
03:30:00,9.586716E-02,9.586716E-02,4.017084E+03,1.587182E+03,7.390511E-02,7.267352E-02,3.075411E+03,1.203186E+03,4.918502E-02,4.311086E-02,1.955411E+03,7.137456E+02,7.267352E-02,7.267352E-02,3.045210E+03,1.203186E+03,4.908967E-02,4.311086E-02,1.953073E+03,7.137456E+02 
03:40:00,9.586716E-02,9.586716E-02,4.017084E+03,1.580631E+03,7.435952E-02,7.267352E-02,3.086554E+03,1.198221E+03,4.946850E-02,4.311086E-02,1.962362E+03,7.107999E+02,7.267352E-02,7.267352E-02,3.045210E+03,1.198221E+03,4.937226E-02,4.311086E-02,1.960002E+03,7.107999E+02 
03:50:00,9.586716E-02,9.586716E-02,4.017084E+03,1.574080E+03,7.481810E-02,7.267352E-02,3.097800E+03,1.193255E+03,4.976272E-02,4.311086E-02,1.969577E+03,7.078541E+02,7.267352E-02,7.267352E-02,3.045210E+03,1.193255E+03,4.966484E-02,4.311086E-02,1.967177E+03,7.078541E+02 
04:00:00,9.586716E-02,9.586716E-02,4.017084E+03,1.567530E+03,7.527653E-02,7.267352E-02,3.109041E+03,1.188289E+03,5.006762E-02,4.311086E-02,1.977054E+03,7.049083E+02,7.267352E-02,7.267352E-02,3.045210E+03,1.188289E+03,4.996930E-02,4.311086E-02,1.974643E+03,7.049083E+02 
04:10:00,9.586716E-02,9.586716E-02,4.017084E+03,1.563163E+03,7.573873E-02,7.267352E-02,3.120375E+03,1.184978E+03,5.037744E-02,4.311086E-02,1.984651E+03,7.029444E+02,7.306515E-02,7.267352E-02,3.054813E+03,1.184978E+03,5.027834E-02,4.311086E-02,1.982221E+03,7.029444E+02 
04:20:00,9.586716E-02,9.586716E-02,4.017084E+03,1.558795E+03,7.620634E-02,7.267352E-02,3.131842E+03,1.181668E+03,5.069125E-02,4.311086E-02,1.992346E+03,7.009806E+02,7.359546E-02,7.267352E-02,3.067817E+03,1.181668E+03,5.059169E-02,4.311086E-02,1.989905E+03,7.009806E+02 
04:30:00,9.586716E-02,9.586716E-02,4.017084E+03,1.554428E+03,7.668268E-02,7.267352E-02,3.143523E+03,1.178357E+03,5.100747E-02,4.311086E-02,2.000101E+03,6.990167E+02,7.412018E-02,7.267352E-02,3.080685E+03,1.178357E+03,5.090749E-02,4.311086E-02,1.997649E+03,6.990167E+02 
04:40:00,9.586716E-02,9.586716E-02,4.017084E+03,1.550061E+03,7.717713E-02,7.267352E-02,3.155648E+03,1.175047E+03,5.132522E-02,4.311086E-02,2.007893E+03,6.970529E+02,7.463848E-02,7.267352E-02,3.093394E+03,1.175047E+03,5.122490E-02,4.311086E-02,2.005433E+03,6.970529E+02 
04:50:00,9.586716E-02,9.586716E-02,4.017084E+03,1.545694E+03,7.767243E-02,7.267352E-02,3.167794E+03,1.171736E+03,5.164368E-02,4.311086E-02,2.015702E+03,6.950890E+02,7.514965E-02,7.267352E-02,3.105929E+03,1.171736E+03,5.154307E-02,4.311086E-02,2.013235E+03,6.950890E+02 
05:00:00,9.586716E-02,9.586716E-02,4.017084E+03,1.541327E+03,7.817265E-02,7.267352E-02,3.180060E+03,1.168426E+03,5.196215E-02,4.311086E-02,2.023512E+03,6.931252E+02,7.565302E-02,7.267352E-02,3.118273E+03,1.168426E+03,5.186132E-02,4.311086E-02,2.021039E+03,6.931252E+02 
05:10:00,9.586716E-02,9.586716E-02,4.017084E+03,1.545694E+03,1.617408E-01,7.267352E-02,5.180478E+03,1.171736E+03,1.038005E-01,4.311086E-02,3.261629E+03,6.950890E+02,1.578282E-01,7.267352E-02,5.086570E+03,1.171736E+03,1.036676E-01,4.311086E-02,3.258439E+03,6.950890E+02 
05:20:00,1.170000E-01,9.586716E-02,4.427981E+03,1.550061E+03,2.348059E-01,7.267352E-02,6.782804E+03,1.175047E+03,1.502614E-01,4.311086E-02,4.277339E+03,6.970529E+02,2.300310E-01,7.267352E-02,6.672347E+03,1.175047E+03,1.501096E-01,4.311086E-02,4.273827E+03,6.970529E+02 
05:30:00,1.814482E-01,9.586716E-02,5.681073E+03,1.554428E+03,3.179211E-01,7.267352E-02,8.476997E+03,1.178357E+03,2.019501E-01,4.311086E-02,5.325606E+03,6.990167E+02,3.125924E-01,7.267352E-02,8.358396E+03,1.178357E+03,2.017847E-01,4.311086E-02,5.321922E+03,6.990167E+02 
05:40:00,2.261779E-01,9.586716E-02,6.550770E+03,1.558795E+03,3.837309E-01,7.267352E-02,9.653419E+03,1.181668E+03,2.433047E-01,4.311086E-02,6.060879E+03,7.009806E+02,3.777221E-01,7.267352E-02,9.525037E+03,1.181668E+03,2.431222E-01,4.311086E-02,6.056979E+03,7.009806E+02 
05:50:00,2.698414E-01,9.586716E-02,7.399736E+03,1.563163E+03,4.470644E-01,7.267352E-02,1.066045E+04,1.184978E+03,2.829276E-01,4.311086E-02,6.686125E+03,7.029444E+02,4.404061E-01,7.267352E-02,1.052415E+04,1.184978E+03,2.827288E-01,4.311086E-02,6.682053E+03,7.029444E+02 
06:00:00,3.119288E-01,9.586716E-02,8.218060E+03,1.567530E+03,5.083056E-01,7.267352E-02,1.151223E+04,1.188289E+03,3.211304E-01,4.311086E-02,7.212068E+03,7.049083E+02,5.010119E-01,7.267352E-02,1.136946E+04,1.188289E+03,3.209154E-01,4.311086E-02,7.207857E+03,7.049083E+02 
06:10:00,2.831284E-01,1.256505E-01,7.585558E+03,2.018022E+03,4.721261E-01,1.294672E-01,1.066693E+04,2.079039E+03,2.986850E-01,8.645237E-02,6.683845E+03,1.394680E+03,4.655967E-01,1.257413E-01,1.054187E+04,2.009972E+03,2.984858E-01,8.338609E-02,6.680030E+03,1.346263E+03 
06:20:00,2.753867E-01,1.309761E-01,7.444499E+03,2.088032E+03,4.450444E-01,1.587702E-01,1.015633E+04,2.473432E+03,2.806746E-01,1.185016E-01,6.343197E+03,1.842567E+03,4.387527E-01,1.538344E-01,1.003619E+04,2.388213E+03,2.804783E-01,1.076265E-01,6.339448E+03,1.678545E+03 
06:30:00,2.497199E-01,2.429707E-01,6.954486E+03,3.568929E+03,4.067398E-01,2.772312E-01,9.424844E+03,4.052397E+03,2.566534E-01,2.071557E-01,5.884458E+03,3.029282E+03,4.003838E-01,2.691458E-01,9.303472E+03,3.919034E+03,2.564548E-01,1.857886E-01,5.880667E+03,2.722976E+03 
06:40:00,2.430027E-01,3.234182E-01,6.826242E+03,4.502439E+03,3.847335E-01,3.686996E-01,9.004352E+03,5.083331E+03,2.422988E-01,2.791434E-01,5.610180E+03,3.838964E+03,3.784469E-01,3.575038E-01,8.884306E+03,4.918414E+03,2.420990E-01,2.468575E-01,5.606365E+03,3.404904E+03 
06:50:00,2.366896E-01,4.020040E-01,6.705710E+03,5.305698E+03,3.643233E-01,4.571986E-01,8.614392E+03,5.924460E+03,2.290950E-01,3.494231E-01,5.357910E+03,4.495222E+03,3.580834E-01,4.422216E-01,8.495240E+03,5.729995E+03,2.288953E-01,3.054784E-01,5.354098E+03,3.947870E+03 
07:00:00,2.313755E-01,4.782219E-01,6.604251E+03,5.975863E+03,3.452242E-01,5.432914E-01,8.249533E+03,6.588463E+03,2.167993E-01,4.185307E-01,5.123022E+03,5.005043E+03,3.390267E-01,5.236233E-01,8.131194E+03,6.363880E+03,2.166000E-01,3.621809E-01,5.119216E+03,4.363690E+03 
07:10:00,2.268674E-01,4.268647E-01,6.518182E+03,5.421242E+03,3.397759E-01,4.982236E-01,8.145371E+03,6.075295E+03,2.131731E-01,4.004798E-01,5.053699E+03,4.784812E+03,3.336188E-01,4.766718E-01,8.027805E+03,5.832760E+03,2.129742E-01,3.340862E-01,5.049900E+03,4.037599E+03 
07:20:00,2.229899E-01,4.942416E-01,6.444151E+03,6.216532E+03,3.350925E-01,5.520488E-01,8.055851E+03,6.709129E+03,2.100728E-01,4.363479E-01,4.994441E+03,5.205116E+03,3.289740E-01,5.254693E-01,7.939026E+03,6.410018E+03,2.098742E-01,3.640443E-01,4.990649E+03,4.391401E+03 
07:30:00,2.196051E-01,4.536185E-01,6.379527E+03,5.796448E+03,3.309898E-01,5.160998E-01,7.977447E+03,6.332587E+03,2.073725E-01,4.152021E-01,4.942836E+03,4.983726E+03,3.249081E-01,4.858280E-01,7.861325E+03,5.991927E+03,2.071742E-01,3.392222E-01,4.939050E+03,4.128667E+03 
07:40:00,2.166126E-01,4.434373E-01,6.322393E+03,5.719027E+03,3.273418E-01,5.072994E-01,7.907749E+03,6.261588E+03,2.049840E-01,4.104399E-01,4.897203E+03,4.946766E+03,3.212952E-01,4.722767E-01,7.792298E+03,5.867462E+03,2.047886E-01,3.308185E-01,4.893472E+03,4.050734E+03 
07:50:00,2.139344E-01,4.342043E-01,6.271260E+03,5.652259E+03,3.240544E-01,5.022167E-01,7.844955E+03,6.232517E+03,2.028431E-01,4.072195E-01,4.856310E+03,4.927234E+03,3.180420E-01,4.617166E-01,7.730159E+03,5.776745E+03,2.026485E-01,3.243327E-01,4.852596E+03,3.994441E+03 
08:00:00,2.115093E-01,4.265818E-01,6.224959E+03,5.603607E+03,3.210556E-01,5.007268E-01,7.787683E+03,6.243895E+03,2.008995E-01,4.050101E-01,4.819193E+03,4.919081E+03,3.150763E-01,4.540526E-01,7.673518E+03,5.718636E+03,2.007056E-01,3.193974E-01,4.815490E+03,3.955603E+03 
08:10:00,2.092893E-01,4.202524E-01,6.182574E+03,5.573868E+03,3.182901E-01,5.022889E-01,7.734874E+03,6.292922E+03,1.991152E-01,4.034625E-01,4.785120E+03,4.920323E+03,3.123428E-01,4.486945E-01,7.621319E+03,5.689783E+03,1.989217E-01,3.155887E-01,4.781426E+03,3.931398E+03 
08:20:00,2.072410E-01,4.149807E-01,6.143467E+03,5.556030E+03,3.157200E-01,5.065247E-01,7.685797E+03,6.372032E+03,1.974636E-01,4.024022E-01,4.753582E+03,4.927040E+03,3.098036E-01,4.450055E-01,7.572833E+03,5.679710E+03,1.972705E-01,3.126467E-01,4.749896E+03,3.916940E+03 
08:30:00,2.053331E-01,4.105836E-01,6.107042E+03,5.548032E+03,3.133109E-01,5.127632E-01,7.639797E+03,6.473678E+03,1.959209E-01,4.017708E-01,4.724126E+03,4.938585E+03,3.074245E-01,4.423770E-01,7.527405E+03,5.681571E+03,1.957282E-01,3.103913E-01,4.720448E+03,3.910209E+03 
08:40:00,2.035413E-01,4.068944E-01,6.072832E+03,5.548002E+03,3.110361E-01,5.201763E-01,7.596360E+03,6.588549E+03,1.944688E-01,4.014502E-01,4.696401E+03,4.953630E+03,3.051787E-01,4.405064E-01,7.484524E+03,5.691965E+03,1.942765E-01,3.086824E-01,4.692729E+03,3.909631E+03 
08:50:00,2.018468E-01,4.037677E-01,6.040481E+03,5.554301E+03,3.088752E-01,5.281026E-01,7.555102E+03,6.709196E+03,1.930934E-01,4.013215E-01,4.670139E+03,4.970837E+03,3.030462E-01,4.392226E-01,7.443806E+03,5.708963E+03,1.929014E-01,3.074102E-01,4.666473E+03,3.913969E+03 
09:00:00,2.002349E-01,4.010830E-01,6.009706E+03,5.565574E+03,3.068126E-01,5.360373E-01,7.515719E+03,6.829940E+03,1.917836E-01,4.013649E-01,4.645131E+03,4.989981E+03,3.010111E-01,4.383305E-01,7.404948E+03,5.730373E+03,1.915920E-01,3.064407E-01,4.641471E+03,3.921714E+03 
09:10:00,1.986939E-01,3.987426E-01,5.980284E+03,5.576356E+03,3.048356E-01,5.437232E-01,7.477971E+03,6.944574E+03,1.905309E-01,4.014166E-01,4.621211E+03,5.007256E+03,2.990609E-01,4.377138E-01,7.367712E+03,5.751570E+03,1.903395E-01,3.056941E-01,4.617558E+03,3.930003E+03 
09:20:00,1.972103E-01,3.966698E-01,5.951958E+03,5.590148E+03,3.029301E-01,5.510575E-01,7.441588E+03,7.055252E+03,1.893255E-01,4.014051E-01,4.598197E+03,5.023820E+03,2.971814E-01,4.373168E-01,7.331826E+03,5.775241E+03,1.891345E-01,3.051297E-01,4.594550E+03,3.940344E+03 
09:30:00,1.957783E-01,3.948051E-01,5.924619E+03,5.606282E+03,3.010897E-01,5.580205E-01,7.406449E+03,7.161752E+03,1.881632E-01,4.012888E-01,4.576003E+03,5.039203E+03,2.953663E-01,4.370865E-01,7.297171E+03,5.800787E+03,1.879724E-01,3.047072E-01,4.572362E+03,3.952282E+03 
09:40:00,1.943932E-01,3.931031E-01,5.898174E+03,5.624247E+03,2.993094E-01,5.646426E-01,7.372457E+03,7.264416E+03,1.870402E-01,4.010294E-01,4.554562E+03,5.052976E+03,2.936107E-01,4.369816E-01,7.263650E+03,5.827746E+03,1.868497E-01,3.043952E-01,4.550926E+03,3.965462E+03 
09:50:00,1.930503E-01,3.915292E-01,5.872535E+03,5.643655E+03,2.975841E-01,5.709787E-01,7.339516E+03,7.363862E+03,1.859531E-01,4.005989E-01,4.533807E+03,5.064824E+03,2.919095E-01,4.369709E-01,7.231169E+03,5.855765E+03,1.857630E-01,3.041687E-01,4.530176E+03,3.979606E+03 
10:00:00,1.917457E-01,3.900571E-01,5.847627E+03,5.664208E+03,2.959099E-01,5.769202E-01,7.307549E+03,7.458867E+03,1.848993E-01,3.998828E-01,4.513685E+03,5.073457E+03,2.902587E-01,4.370867E-01,7.199649E+03,5.885207E+03,1.847094E-01,3.040487E-01,4.510060E+03,3.994948E+03 
10:10:00,1.904763E-01,3.886660E-01,5.823392E+03,5.681306E+03,2.942831E-01,5.825960E-01,7.276490E+03,7.547571E+03,1.838762E-01,3.989638E-01,4.494151E+03,5.077844E+03,2.886547E-01,4.372809E-01,7.169024E+03,5.912221E+03,1.836866E-01,3.039984E-01,4.490531E+03,4.009111E+03 
10:20:00,1.892395E-01,3.873413E-01,5.799778E+03,5.699151E+03,2.927010E-01,5.881055E-01,7.246281E+03,7.634403E+03,1.828820E-01,3.979008E-01,4.475168E+03,5.080610E+03,2.870947E-01,4.375260E-01,7.139239E+03,5.939807E+03,1.826926E-01,3.039961E-01,4.471552E+03,4.023813E+03 
10:30:00,1.880331E-01,3.860732E-01,5.776745E+03,5.717633E+03,2.911609E-01,5.934487E-01,7.216876E+03,7.719364E+03,1.819148E-01,3.967354E-01,4.456702E+03,5.082224E+03,2.855762E-01,4.378116E-01,7.110246E+03,5.967851E+03,1.817257E-01,3.040328E-01,4.453091E+03,4.038955E+03 
10:40:00,1.868553E-01,3.848543E-01,5.754257E+03,5.736669E+03,2.896608E-01,5.986432E-01,7.188233E+03,7.802651E+03,1.809733E-01,3.955115E-01,4.438726E+03,5.083179E+03,2.840971E-01,4.381313E-01,7.082003E+03,5.996277E+03,1.807845E-01,3.041013E-01,4.435120E+03,4.054454E+03 
10:50:00,1.857044E-01,3.836796E-01,5.732284E+03,5.756203E+03,2.881986E-01,6.037035E-01,7.160316E+03,7.884428E+03,1.800563E-01,3.942544E-01,4.421216E+03,5.083760E+03,2.826553E-01,4.384812E-01,7.054476E+03,6.025043E+03,1.798676E-01,3.041967E-01,4.417614E+03,4.070257E+03 
11:00:00,1.845792E-01,3.825456E-01,5.710801E+03,5.776193E+03,2.867729E-01,6.087307E-01,7.133094E+03,7.965832E+03,1.791625E-01,3.930495E-01,4.404151E+03,5.084929E+03,2.812494E-01,4.388027E-01,7.027632E+03,6.053490E+03,1.789741E-01,3.042752E-01,4.400554E+03,4.085869E+03 
11:10:00,1.834783E-01,3.814496E-01,5.689784E+03,5.785695E+03,2.853820E-01,6.135873E-01,7.106538E+03,8.037041E+03,1.782910E-01,3.917117E-01,4.387512E+03,5.079693E+03,2.798778E-01,4.390849E-01,7.001444E+03,6.073219E+03,1.781028E-01,3.043290E-01,4.383919E+03,4.096294E+03 
11:20:00,1.824010E-01,3.803880E-01,5.669214E+03,5.795583E+03,2.840247E-01,6.182216E-01,7.080622E+03,8.105747E+03,1.774410E-01,3.900270E-01,4.371281E+03,5.070553E+03,2.785392E-01,4.393344E-01,6.975886E+03,6.092578E+03,1.772530E-01,3.043621E-01,4.367692E+03,4.106486E+03 
11:30:00,1.813461E-01,3.793559E-01,5.649074E+03,5.805803E+03,2.826997E-01,6.225864E-01,7.055324E+03,8.171421E+03,1.766116E-01,3.877359E-01,4.355445E+03,5.054589E+03,2.772324E-01,4.395472E-01,6.950935E+03,6.111526E+03,1.764238E-01,3.043724E-01,4.351860E+03,4.116420E+03 
11:40:00,1.803129E-01,3.783471E-01,5.629348E+03,5.816286E+03,2.814060E-01,6.266620E-01,7.030623E+03,8.233839E+03,1.758020E-01,3.845508E-01,4.339989E+03,5.028563E+03,2.759563E-01,4.397190E-01,6.926570E+03,6.130012E+03,1.756145E-01,3.043587E-01,4.336408E+03,4.126085E+03 
11:50:00,1.793006E-01,3.773554E-01,5.610022E+03,5.826960E+03,2.801425E-01,6.304240E-01,7.006498E+03,8.292729E+03,1.750118E-01,3.802474E-01,4.324900E+03,4.989953E+03,2.747099E-01,4.398445E-01,6.902772E+03,6.147978E+03,1.748244E-01,3.043196E-01,4.321322E+03,4.135465E+03 
12:00:00,1.783087E-01,3.763756E-01,5.591083E+03,5.837768E+03,2.789082E-01,6.339001E-01,6.982931E+03,8.348401E+03,1.742401E-01,3.748109E-01,4.310166E+03,4.938591E+03,2.734923E-01,4.399186E-01,6.879523E+03,6.165364E+03,1.740529E-01,3.042543E-01,4.306592E+03,4.144549E+03 
12:10:00,1.773364E-01,3.753994E-01,5.572520E+03,5.844250E+03,2.777023E-01,6.370994E-01,6.959906E+03,8.397649E+03,1.734864E-01,3.686562E-01,4.295776E+03,4.877183E+03,2.723025E-01,4.399752E-01,6.856807E+03,6.179243E+03,1.732995E-01,3.041870E-01,4.292206E+03,4.151646E+03 
12:20:00,1.763832E-01,3.744251E-01,5.554321E+03,5.850753E+03,2.765239E-01,6.399804E-01,6.937406E+03,8.443313E+03,1.727503E-01,3.625704E-01,4.281720E+03,4.816550E+03,2.711398E-01,4.400221E-01,6.834606E+03,6.193012E+03,1.725635E-01,3.043270E-01,4.278153E+03,4.161077E+03 
12:30:00,1.754486E-01,3.734573E-01,5.536477E+03,5.857330E+03,2.753722E-01,6.425786E-01,6.915417E+03,8.485795E+03,1.720311E-01,3.570522E-01,4.267988E+03,4.762304E+03,2.700033E-01,4.400686E-01,6.812907E+03,6.206778E+03,1.718444E-01,3.052547E-01,4.264425E+03,4.179372E+03 
12:40:00,1.745320E-01,3.725075E-01,5.518978E+03,5.864110E+03,2.742464E-01,6.448808E-01,6.893923E+03,8.524947E+03,1.713284E-01,3.524536E-01,4.254571E+03,4.718407E+03,2.688923E-01,4.401282E-01,6.791695E+03,6.220691E+03,1.711419E-01,3.074137E-01,4.251011E+03,4.211525E+03 
12:50:00,1.736330E-01,3.715890E-01,5.501814E+03,5.871241E+03,2.731460E-01,6.468713E-01,6.872912E+03,8.560590E+03,1.706416E-01,3.490525E-01,4.241460E+03,4.687986E+03,2.678061E-01,4.402165E-01,6.770956E+03,6.234926E+03,1.704553E-01,3.109500E-01,4.237902E+03,4.259176E+03 
13:00:00,1.727512E-01,3.707128E-01,5.484978E+03,5.878850E+03,2.720701E-01,6.485568E-01,6.852369E+03,8.592801E+03,1.699705E-01,3.469416E-01,4.228645E+03,4.672084E+03,2.667441E-01,4.403474E-01,6.750678E+03,6.249641E+03,1.697843E-01,3.158045E-01,4.225091E+03,4.321662E+03 
13:10:00,1.718862E-01,3.698917E-01,5.468462E+03,5.880528E+03,2.710181E-01,6.499233E-01,6.832283E+03,8.616456E+03,1.693145E-01,3.458478E-01,4.216120E+03,4.664682E+03,2.657055E-01,4.405157E-01,6.730848E+03,6.259811E+03,1.691285E-01,3.218054E-01,4.212569E+03,4.394104E+03 
13:20:00,1.710374E-01,3.691299E-01,5.452258E+03,5.882872E+03,2.699893E-01,6.509769E-01,6.812640E+03,8.636590E+03,1.686733E-01,3.451794E-01,4.203876E+03,4.662068E+03,2.646898E-01,4.407253E-01,6.711454E+03,6.270447E+03,1.684874E-01,3.285626E-01,4.200328E+03,4.475056E+03 
13:30:00,1.702046E-01,3.684236E-01,5.436358E+03,5.885843E+03,2.689832E-01,6.517159E-01,6.793431E+03,8.653182E+03,1.680463E-01,3.446909E-01,4.191907E+03,4.661480E+03,2.636963E-01,4.409721E-01,6.692486E+03,6.281500E+03,1.678606E-01,3.353358E-01,4.188361E+03,4.556190E+03 
13:40:00,1.693874E-01,3.677628E-01,5.420755E+03,5.889324E+03,2.679992E-01,6.521332E-01,6.774643E+03,8.666155E+03,1.674334E-01,3.443107E-01,4.180204E+03,4.662110E+03,2.627245E-01,4.412451E-01,6.673931E+03,6.292849E+03,1.672478E-01,3.415668E-01,4.176660E+03,4.631221E+03 
13:50:00,1.685854E-01,3.671349E-01,5.405443E+03,5.893175E+03,2.670367E-01,6.522198E-01,6.756266E+03,8.675407E+03,1.668341E-01,3.439937E-01,4.168761E+03,4.663451E+03,2.617739E-01,4.415304E-01,6.655780E+03,6.304335E+03,1.666486E-01,3.470425E-01,4.165220E+03,4.697754E+03 
14:00:00,1.677983E-01,3.665284E-01,5.390415E+03,5.897269E+03,2.660952E-01,6.519774E-01,6.738288E+03,8.680955E+03,1.662480E-01,3.437073E-01,4.157571E+03,4.665137E+03,2.608438E-01,4.418142E-01,6.638022E+03,6.315806E+03,1.660627E-01,3.517934E-01,4.154032E+03,4.756131E+03 
14:10:00,1.670257E-01,3.659349E-01,5.375665E+03,5.890590E+03,2.651741E-01,6.513935E-01,6.720701E+03,8.674385E+03,1.656749E-01,3.434081E-01,4.146627E+03,4.661770E+03,2.599338E-01,4.420554E-01,6.620647E+03,6.318519E+03,1.654897E-01,3.559552E-01,4.143091E+03,4.802968E+03 
14:20:00,1.662674E-01,3.653489E-01,5.361186E+03,5.883994E+03,2.642729E-01,6.504640E-01,6.703495E+03,8.663924E+03,1.651143E-01,3.430764E-01,4.135925E+03,4.658037E+03,2.590434E-01,4.422425E-01,6.603646E+03,6.320625E+03,1.649292E-01,3.597189E-01,4.132390E+03,4.845325E+03 
14:30:00,1.655229E-01,3.647669E-01,5.346974E+03,5.877445E+03,2.633911E-01,6.491822E-01,6.686659E+03,8.649499E+03,1.645660E-01,3.426989E-01,4.125456E+03,4.653789E+03,2.581721E-01,4.423695E-01,6.587010E+03,6.322055E+03,1.643810E-01,3.632498E-01,4.121924E+03,4.885062E+03 
14:40:00,1.647922E-01,3.641878E-01,5.333021E+03,5.870929E+03,2.625283E-01,6.476958E-01,6.670185E+03,8.632772E+03,1.640297E-01,3.422261E-01,4.115216E+03,4.648468E+03,2.573194E-01,4.423786E-01,6.570729E+03,6.322156E+03,1.638448E-01,3.667739E-01,4.111686E+03,4.924724E+03 
14:50:00,1.640747E-01,3.636123E-01,5.319323E+03,5.864453E+03,2.616840E-01,6.459460E-01,6.654064E+03,8.613080E+03,1.635051E-01,3.416708E-01,4.105199E+03,4.642219E+03,2.564848E-01,4.422946E-01,6.554795E+03,6.321211E+03,1.633203E-01,3.702876E-01,4.101671E+03,4.964266E+03 
15:00:00,1.633703E-01,3.630409E-01,5.305874E+03,5.858023E+03,2.608577E-01,6.438757E-01,6.638288E+03,8.589782E+03,1.629918E-01,3.410402E-01,4.095399E+03,4.635122E+03,2.556680E-01,4.421321E-01,6.539199E+03,6.319383E+03,1.628071E-01,3.737635E-01,4.091873E+03,5.003384E+03 
15:10:00,1.626786E-01,3.624727E-01,5.292669E+03,5.838528E+03,2.600490E-01,6.414092E-01,6.622847E+03,8.552092E+03,1.624897E-01,3.403188E-01,4.085811E+03,4.621112E+03,2.548684E-01,4.418729E-01,6.523933E+03,6.306535E+03,1.623051E-01,3.771565E-01,4.082287E+03,5.035677E+03 
15:20:00,1.619995E-01,3.619059E-01,5.279703E+03,5.819048E+03,2.592575E-01,6.385376E-01,6.607734E+03,8.509845E+03,1.619983E-01,3.395067E-01,4.076430E+03,4.606081E+03,2.540858E-01,4.415184E-01,6.508989E+03,6.292614E+03,1.618138E-01,3.804174E-01,4.072907E+03,5.066483E+03 
15:30:00,1.613326E-01,3.613384E-01,5.266971E+03,5.799560E+03,2.584827E-01,6.352146E-01,6.592942E+03,8.462517E+03,1.615176E-01,3.386009E-01,4.067251E+03,4.589996E+03,2.533196E-01,4.410648E-01,6.494360E+03,6.277577E+03,1.613332E-01,3.834876E-01,4.063730E+03,5.095144E+03 
15:40:00,1.606778E-01,3.607672E-01,5.254468E+03,5.780030E+03,2.577243E-01,6.312277E-01,6.578461E+03,8.407718E+03,1.610471E-01,3.376374E-01,4.058268E+03,4.573262E+03,2.525695E-01,4.405605E-01,6.480038E+03,6.261970E+03,1.608628E-01,3.861989E-01,4.054749E+03,5.119765E+03 
15:50:00,1.600347E-01,3.601876E-01,5.242190E+03,5.760407E+03,2.569819E-01,6.265379E-01,6.564286E+03,8.345008E+03,1.605867E-01,3.365916E-01,4.049478E+03,4.555601E+03,2.518351E-01,4.399721E-01,6.466016E+03,6.245417E+03,1.604025E-01,3.885745E-01,4.045960E+03,5.140609E+03 
16:00:00,1.594031E-01,3.595948E-01,5.230131E+03,5.740635E+03,2.562550E-01,6.210789E-01,6.550408E+03,8.273642E+03,1.601362E-01,3.354454E-01,4.040875E+03,4.536811E+03,2.511160E-01,4.392763E-01,6.452287E+03,6.227655E+03,1.599520E-01,3.906314E-01,4.037359E+03,5.157865E+03 
16:10:00,1.587828E-01,3.589847E-01,5.218288E+03,5.716301E+03,2.555434E-01,6.148184E-01,6.536821E+03,8.189946E+03,1.596952E-01,3.342334E-01,4.032455E+03,4.515315E+03,2.504119E-01,4.385284E-01,6.438843E+03,6.205996E+03,1.595111E-01,3.924159E-01,4.028940E+03,5.170093E+03 
16:20:00,1.581735E-01,3.583528E-01,5.206656E+03,5.691722E+03,2.548467E-01,6.076282E-01,6.523517E+03,8.095788E+03,1.592636E-01,3.329461E-01,4.024214E+03,4.492973E+03,2.497224E-01,4.377202E-01,6.425678E+03,6.183659E+03,1.590795E-01,3.939379E-01,4.020700E+03,5.179367E+03 
16:30:00,1.575751E-01,3.576947E-01,5.195231E+03,5.666847E+03,2.541644E-01,5.994706E-01,6.510491E+03,7.990743E+03,1.588411E-01,3.315751E-01,4.016147E+03,4.469689E+03,2.490472E-01,4.368466E-01,6.412786E+03,6.160586E+03,1.586571E-01,3.952182E-01,4.012635E+03,5.185920E+03 
16:40:00,1.569873E-01,3.570056E-01,5.184008E+03,5.641625E+03,2.534964E-01,5.903027E-01,6.497736E+03,7.874327E+03,1.584275E-01,3.300638E-01,4.008251E+03,4.444825E+03,2.483859E-01,4.358368E-01,6.400160E+03,6.135980E+03,1.582436E-01,3.963739E-01,4.004740E+03,5.191071E+03 
16:50:00,1.564099E-01,3.562810E-01,5.172985E+03,5.616002E+03,2.528422E-01,5.803729E-01,6.485245E+03,7.749337E+03,1.580226E-01,3.284313E-01,4.000521E+03,4.418598E+03,2.477383E-01,4.347230E-01,6.387795E+03,6.110204E+03,1.578388E-01,3.973849E-01,3.997011E+03,5.194594E+03 
17:00:00,1.558427E-01,3.555196E-01,5.162156E+03,5.589966E+03,2.522015E-01,5.701346E-01,6.473012E+03,7.620876E+03,1.576263E-01,3.266884E-01,3.992953E+03,4.391128E+03,2.471040E-01,4.335195E-01,6.375683E+03,6.083417E+03,1.574425E-01,3.982297E-01,3.989444E+03,5.196246E+03 
17:10:00,1.552856E-01,3.547266E-01,5.151518E+03,5.559206E+03,2.515740E-01,5.603171E-01,6.461032E+03,7.493838E+03,1.572382E-01,3.248427E-01,3.985544E+03,4.360537E+03,2.464827E-01,4.322896E-01,6.363820E+03,6.053024E+03,1.570545E-01,3.988733E-01,3.982036E+03,5.193670E+03 
17:20:00,1.547382E-01,3.539217E-01,5.141068E+03,5.528313E+03,2.509595E-01,5.514333E-01,6.449299E+03,7.377309E+03,1.568583E-01,3.229122E-01,3.978289E+03,4.328994E+03,2.458740E-01,4.314109E-01,6.352200E+03,6.026582E+03,1.566746E-01,3.991651E-01,3.974782E+03,5.187135E+03 
17:30:00,1.542005E-01,3.531469E-01,5.130801E+03,5.497759E+03,2.503576E-01,5.437209E-01,6.437806E+03,7.273961E+03,1.564863E-01,3.209253E-01,3.971186E+03,4.296814E+03,2.452778E-01,4.312571E-01,6.340816E+03,6.008299E+03,1.563026E-01,3.990900E-01,3.967680E+03,5.176470E+03 
17:40:00,1.536721E-01,3.524484E-01,5.120714E+03,5.468063E+03,2.497680E-01,5.373717E-01,6.426548E+03,7.185954E+03,1.561220E-01,3.189637E-01,3.964231E+03,4.264919E+03,2.446938E-01,4.320908E-01,6.329664E+03,6.001128E+03,1.559384E-01,3.985628E-01,3.960726E+03,5.160719E+03 
17:50:00,1.531531E-01,3.518650E-01,5.110804E+03,5.439663E+03,2.491904E-01,5.323006E-01,6.415521E+03,7.112330E+03,1.557653E-01,3.170344E-01,3.957420E+03,4.233387E+03,2.441216E-01,4.338955E-01,6.318739E+03,6.004884E+03,1.555817E-01,3.976007E-01,3.953915E+03,5.140073E+03 
18:00:00,1.526431E-01,3.514217E-01,5.101068E+03,5.412838E+03,2.486247E-01,5.282180E-01,6.404719E+03,7.049832E+03,1.554159E-01,3.151511E-01,3.950750E+03,4.202374E+03,2.435609E-01,4.365467E-01,6.308035E+03,6.018168E+03,1.552324E-01,3.961956E-01,3.947246E+03,5.114441E+03 
18:10:00,1.521420E-01,3.511264E-01,5.091501E+03,5.376762E+03,2.607257E-01,5.245287E-01,6.635770E+03,6.983482E+03,1.630577E-01,3.133031E-01,4.096657E+03,4.166848E+03,2.556670E-01,4.397640E-01,6.539181E+03,6.029544E+03,1.628742E-01,3.943057E-01,4.093155E+03,5.078444E+03 
18:20:00,1.516496E-01,3.509603E-01,5.082100E+03,5.342140E+03,2.728424E-01,5.208856E-01,6.867127E+03,6.917653E+03,1.707091E-01,3.114818E-01,4.242756E+03,4.131622E+03,2.677885E-01,4.429448E-01,6.770632E+03,6.040511E+03,1.705257E-01,3.920042E-01,4.239254E+03,5.037814E+03 
18:30:00,1.511659E-01,3.508715E-01,5.072864E+03,5.308387E+03,2.849755E-01,5.171742E-01,7.098818E+03,6.851056E+03,1.783709E-01,3.096669E-01,4.389065E+03,4.096470E+03,2.799262E-01,4.454771E-01,7.002409E+03,6.044180E+03,1.781875E-01,3.892328E-01,4.385563E+03,4.991897E+03 
18:40:00,1.506906E-01,3.507966E-01,5.063790E+03,5.274790E+03,2.971258E-01,5.133390E-01,7.330864E+03,6.783066E+03,1.860434E-01,3.078306E-01,4.535596E+03,4.061075E+03,2.920808E-01,4.469355E-01,7.234537E+03,6.035764E+03,1.858600E-01,3.858870E-01,4.532095E+03,4.939515E+03 
18:50:00,1.502238E-01,3.506755E-01,5.054878E+03,5.240673E+03,3.092905E-01,5.093387E-01,7.563212E+03,6.713218E+03,1.937248E-01,3.059419E-01,4.682317E+03,4.025091E+03,3.042497E-01,4.471050E-01,7.466962E+03,6.012843E+03,1.935415E-01,3.818818E-01,4.678816E+03,4.879713E+03 
19:00:00,1.497653E-01,3.504602E-01,5.046124E+03,5.205498E+03,3.214680E-01,5.051405E-01,7.795826E+03,6.641144E+03,2.014142E-01,3.039680E-01,4.829203E+03,3.988147E+03,3.164313E-01,4.458643E-01,7.699651E+03,5.974054E+03,2.012309E-01,3.771535E-01,4.825703E+03,4.811773E+03 
19:10:00,1.246128E-01,3.501227E-01,4.565905E+03,5.177680E+03,2.676930E-01,5.008519E-01,6.769092E+03,6.574673E+03,1.677238E-01,3.019549E-01,4.185946E+03,3.954692E+03,2.634974E-01,4.433276E-01,6.688976E+03,5.927299E+03,1.675710E-01,3.717452E-01,4.183029E+03,4.740108E+03 
19:20:00,9.953884E-02,3.496506E-01,4.087184E+03,5.148349E+03,2.139997E-01,4.964313E-01,5.743868E+03,6.506716E+03,1.340837E-01,2.998601E-01,3.543619E+03,3.920317E+03,2.106443E-01,4.395025E-01,5.679796E+03,5.866047E+03,1.339615E-01,3.654554E-01,3.541286E+03,4.658522E+03 
19:30:00,9.586716E-02,3.490326E-01,4.017084E+03,5.117375E+03,1.603850E-01,4.918896E-01,4.720105E+03,6.437397E+03,1.004921E-01,2.976588E-01,2.902189E+03,3.884742E+03,1.578695E-01,4.345517E-01,4.672069E+03,5.792125E+03,1.004004E-01,3.583003E-01,2.900439E+03,4.567200E+03 
19:40:00,9.586716E-02,3.482525E-01,4.017084E+03,5.084578E+03,1.068465E-01,4.872423E-01,3.697765E+03,6.366889E+03,6.694734E-02,2.953339E-01,2.261634E+03,3.847777E+03,1.051701E-01,4.285784E-01,3.665753E+03,5.706696E+03,6.688625E-02,3.503039E-01,2.260467E+03,4.466409E+03 
19:50:00,9.586716E-02,3.472958E-01,4.017084E+03,5.049793E+03,7.267352E-02,4.825425E-01,3.045210E+03,6.295791E+03,4.311086E-02,2.928941E-01,1.806457E+03,3.809519E+03,7.267352E-02,4.218334E-01,3.045210E+03,5.612582E+03,4.311086E-02,3.417736E-01,1.806457E+03,4.359610E+03 
20:00:00,9.586716E-02,3.461656E-01,4.017084E+03,5.013056E+03,7.267352E-02,4.778910E-01,3.045210E+03,6.225236E+03,4.311086E-02,2.903814E-01,1.806457E+03,3.770440E+03,7.267352E-02,4.148694E-01,3.045210E+03,5.516003E+03,4.311086E-02,3.332821E-01,1.806457E+03,4.253247E+03 
20:10:00,9.586716E-02,3.448896E-01,4.017084E+03,4.979045E+03,7.267352E-02,4.733586E-01,3.045210E+03,6.159332E+03,4.311086E-02,2.878354E-01,1.806457E+03,3.732951E+03,7.267352E-02,4.081268E-01,3.045210E+03,5.425227E+03,4.311086E-02,3.252680E-01,1.806457E+03,4.154220E+03 
20:20:00,9.586716E-02,3.435117E-01,4.017084E+03,4.943889E+03,7.267352E-02,4.690497E-01,3.045210E+03,6.095943E+03,4.311086E-02,2.853285E-01,1.806457E+03,3.695900E+03,7.267352E-02,4.019627E-01,3.045210E+03,5.340960E+03,4.311086E-02,3.182027E-01,1.806457E+03,4.065871E+03 
20:30:00,9.586716E-02,3.420891E-01,4.017084E+03,4.908228E+03,7.267352E-02,4.650010E-01,3.045210E+03,6.035481E+03,4.311086E-02,2.829141E-01,1.806457E+03,3.659892E+03,7.267352E-02,3.965402E-01,3.045210E+03,5.265038E+03,4.311086E-02,3.122684E-01,1.806457E+03,3.990248E+03 
20:40:00,9.586716E-02,3.406901E-01,4.017084E+03,4.872833E+03,7.267352E-02,4.612470E-01,3.045210E+03,5.978337E+03,4.311086E-02,2.806407E-01,1.806457E+03,3.625470E+03,7.267352E-02,3.920558E-01,3.045210E+03,5.199674E+03,4.311086E-02,3.076380E-01,1.806457E+03,3.929300E+03 
20:50:00,9.586716E-02,3.393770E-01,4.017084E+03,4.838404E+03,7.267352E-02,4.577750E-01,3.045210E+03,5.924367E+03,4.311086E-02,2.785251E-01,1.806457E+03,3.592824E+03,7.267352E-02,3.885025E-01,3.045210E+03,5.144787E+03,4.311086E-02,3.041795E-01,1.806457E+03,3.881540E+03 
21:00:00,9.586716E-02,3.381898E-01,4.017084E+03,4.805393E+03,7.267352E-02,4.545274E-01,3.045210E+03,5.872920E+03,4.311086E-02,2.765523E-01,1.806457E+03,3.561785E+03,7.267352E-02,3.855931E-01,3.045210E+03,5.097146E+03,4.311086E-02,3.014784E-01,1.806457E+03,3.842303E+03 
21:10:00,9.586716E-02,3.371332E-01,4.017084E+03,4.773851E+03,7.267352E-02,4.514213E-01,3.045210E+03,5.823067E+03,4.311086E-02,2.746793E-01,1.806457E+03,3.531869E+03,7.267352E-02,3.830494E-01,3.045210E+03,5.053622E+03,4.311086E-02,2.992013E-01,1.806457E+03,3.807839E+03 
21:20:00,9.586716E-02,3.361900E-01,4.017084E+03,4.743584E+03,7.267352E-02,4.484241E-01,3.045210E+03,5.774440E+03,4.311086E-02,2.728854E-01,1.806457E+03,3.502844E+03,7.267352E-02,3.807537E-01,3.045210E+03,5.012888E+03,4.311086E-02,2.971982E-01,1.806457E+03,3.776458E+03 
21:30:00,9.586716E-02,3.353390E-01,4.017084E+03,4.714356E+03,7.267352E-02,4.455110E-01,3.045210E+03,5.726759E+03,4.311086E-02,2.711529E-01,1.806457E+03,3.474509E+03,7.267352E-02,3.786367E-01,3.045210E+03,4.974166E+03,4.311086E-02,2.953803E-01,1.806457E+03,3.747162E+03 
21:40:00,9.586716E-02,3.345586E-01,4.017084E+03,4.685921E+03,7.267352E-02,4.426564E-01,3.045210E+03,5.679736E+03,4.311086E-02,2.694636E-01,1.806457E+03,3.446661E+03,7.267352E-02,3.766433E-01,3.045210E+03,4.936835E+03,4.311086E-02,2.936802E-01,1.806457E+03,3.719191E+03 
21:50:00,9.586716E-02,3.338347E-01,4.017084E+03,4.658124E+03,7.267352E-02,4.398476E-01,3.045210E+03,5.633229E+03,4.311086E-02,2.678078E-01,1.806457E+03,3.419189E+03,7.267352E-02,3.747384E-01,3.045210E+03,4.900500E+03,4.311086E-02,2.920545E-01,1.806457E+03,3.692059E+03 
22:00:00,9.586716E-02,3.331564E-01,4.017084E+03,4.630838E+03,7.267352E-02,4.370755E-01,3.045210E+03,5.587134E+03,4.311086E-02,2.661781E-01,1.806457E+03,3.392011E+03,7.267352E-02,3.728958E-01,3.045210E+03,4.864866E+03,4.311086E-02,2.904726E-01,1.806457E+03,3.665419E+03 
22:10:00,9.586716E-02,2.773476E-01,4.017084E+03,4.011439E+03,7.267352E-02,3.630746E-01,3.045210E+03,4.812002E+03,4.311086E-02,2.211363E-01,1.806457E+03,2.921322E+03,7.267352E-02,3.099812E-01,3.045210E+03,4.195279E+03,4.311086E-02,2.414059E-01,1.806457E+03,3.157955E+03 
22:20:00,9.586716E-02,2.216609E-01,4.017084E+03,3.390716E+03,7.267352E-02,2.895428E-01,3.045210E+03,4.044587E+03,4.311086E-02,1.763710E-01,1.806457E+03,2.455165E+03,7.267352E-02,2.473838E-01,3.045210E+03,3.529958E+03,4.311086E-02,1.926073E-01,1.806457E+03,2.655828E+03 
22:30:00,9.586716E-02,1.660884E-01,4.017084E+03,2.749571E+03,7.267352E-02,2.164738E-01,3.045210E+03,3.234515E+03,4.311086E-02,1.318777E-01,1.806457E+03,1.962574E+03,7.267352E-02,1.850929E-01,3.045210E+03,2.831067E+03,4.311086E-02,1.440696E-01,1.806457E+03,2.122440E+03 
22:40:00,9.586716E-02,1.106239E-01,4.017084E+03,2.079607E+03,7.267352E-02,1.438628E-01,3.045210E+03,2.362499E+03,4.311086E-02,8.765307E-02,1.806457E+03,1.431923E+03,7.267352E-02,1.231014E-01,3.045210E+03,2.083906E+03,4.311086E-02,9.578934E-02,1.806457E+03,1.544087E+03 
22:50:00,9.586716E-02,9.586716E-02,4.017084E+03,1.884144E+03,7.267352E-02,7.267352E-02,3.045210E+03,1.428303E+03,4.311086E-02,4.369450E-02,1.806457E+03,8.552358E+02,7.267352E-02,7.267352E-02,3.045210E+03,1.428303E+03,4.311086E-02,4.776581E-02,1.806457E+03,9.114825E+02 
23:00:00,9.586716E-02,9.586716E-02,4.017084E+03,1.868859E+03,7.267352E-02,7.267352E-02,3.045210E+03,1.416716E+03,4.311086E-02,4.311086E-02,1.806457E+03,8.404143E+02,7.267352E-02,7.267352E-02,3.045210E+03,1.416716E+03,4.311086E-02,4.311086E-02,1.806457E+03,8.404143E+02 
23:10:00,9.586716E-02,9.586716E-02,4.017084E+03,1.853574E+03,7.267352E-02,7.267352E-02,3.045210E+03,1.405129E+03,4.311086E-02,4.311086E-02,1.806457E+03,8.335408E+02,7.267352E-02,7.267352E-02,3.045210E+03,1.405129E+03,4.311086E-02,4.311086E-02,1.806457E+03,8.335408E+02 
23:20:00,9.586716E-02,9.586716E-02,4.017084E+03,1.838289E+03,7.267352E-02,7.267352E-02,3.045210E+03,1.393542E+03,4.311086E-02,4.311086E-02,1.806457E+03,8.266673E+02,7.267352E-02,7.267352E-02,3.045210E+03,1.393542E+03,4.311086E-02,4.311086E-02,1.806457E+03,8.266673E+02 
23:30:00,9.586716E-02,9.586716E-02,4.017084E+03,1.823005E+03,7.267352E-02,7.267352E-02,3.045210E+03,1.381956E+03,4.311086E-02,4.311086E-02,1.806457E+03,8.197938E+02,7.267352E-02,7.267352E-02,3.045210E+03,1.381956E+03,4.311086E-02,4.311086E-02,1.806457E+03,8.197938E+02 
23:40:00,9.586716E-02,9.586716E-02,4.017084E+03,1.807720E+03,7.267352E-02,7.267352E-02,3.045210E+03,1.370369E+03,4.311086E-02,4.311086E-02,1.806457E+03,8.129203E+02,7.267352E-02,7.267352E-02,3.045210E+03,1.370369E+03,4.311086E-02,4.311086E-02,1.806457E+03,8.129203E+02 
23:50:00,9.586716E-02,9.586716E-02,4.017084E+03,1.792435E+03,7.267352E-02,7.267352E-02,3.045210E+03,1.358782E+03,4.311086E-02,4.311086E-02,1.806457E+03,8.060468E+02,7.267352E-02,7.267352E-02,3.045210E+03,1.358782E+03,4.311086E-02,4.311086E-02,1.806457E+03,8.060468E+02 
24:00:00,9.586716E-02,9.586716E-02,4.017084E+03,1.777150E+03,7.267352E-02,7.267352E-02,3.045210E+03,1.347195E+03,4.311086E-02,4.311086E-02,1.806457E+03,7.991733E+02,7.267352E-02,7.267352E-02,3.045210E+03,1.347195E+03,4.311086E-02,4.311086E-02,1.806457E+03,7.991733E+02 
Coinc Peak   ,3.119288E-01,4.942416E-01,8.218060E+03,5.975863E+03,5.083056E-01,6.522198E-01,1.151223E+04,8.675407E+03,3.211304E-01,4.363479E-01,7.212068E+03,5.005043E+03,5.010119E-01,5.254693E-01,1.136946E+04,6.363880E+03,3.209154E-01,3.991651E-01,7.207857E+03,5.187135E+03 
NonCoinc Peak,3.119288E-01,4.782219E-01,8.218060E+03,5.975863E+03,5.083056E-01,6.522198E-01,1.151223E+04,8.675407E+03,3.211304E-01,4.185307E-01,7.212068E+03,5.005043E+03,5.010119E-01,5.236233E-01,1.136946E+04,6.363880E+03,3.209154E-01,3.991651E-01,7.207857E+03,5.187135E+03 
